,e1_out_mean,e2_out_mean,e1_out_std,e2_out_std
0,0.16556697,0.30202484,0.113357626,0.0941682
1,0.4966441,0.59961224,0.09338681,0.09192568
2,0.28966185,0.7411064,0.050929535,0.050640542
3,-0.06941368,-0.08259046,0.030101025,0.027597105
4,0.04485162,-0.0658918,0.13219547,0.12403167
5,-0.12436515,0.2796526,0.15869509,0.13298613
6,0.1227736,0.052680857,0.054084588,0.044543926
7,-0.04601204,0.06094689,0.03414115,0.03352737
8,0.010085266,0.06443855,0.022132277,0.019492786
9,-0.06419319,-0.032910287,0.121760815,0.094813615
10,-0.022363663,-0.010644592,0.06230283,0.051244687
11,0.01136744,0.03675578,0.052295122,0.04825987
12,-0.357517,-0.3513614,0.05028867,0.044844974
13,-0.16036083,-0.22855598,0.083230466,0.07436661
14,0.17263632,0.3171612,0.18132985,0.14245352
15,-0.015504729,0.013951242,0.06145725,0.053137757
16,-0.005429076,-0.018311143,0.042360406,0.037003025
17,0.062279355,-0.038947195,0.05334414,0.04834424
18,-0.42800024,-0.04996042,0.03389296,0.027259372
19,-0.0021608323,0.00010356307,0.0352195,0.028945373
20,0.19723456,-0.23101637,0.034637917,0.030902056
21,0.052093882,-0.17878675,0.062405095,0.056302644
22,0.044471953,-0.1013881,0.07016974,0.07012876
23,0.12112053,-0.045786887,0.031255726,0.023824118
24,0.1102007,-0.8917099,0.108585335,0.1368107
25,0.033043478,-0.04596047,0.027416412,0.023707554
26,0.18784188,0.046669744,0.071967795,0.06489901
27,0.1448733,0.024178915,0.027814047,0.024292186
28,0.30982465,-0.27844724,0.07096013,0.052446555
29,-0.11461742,0.13707933,0.043766595,0.040122285
30,-0.15646069,-0.08979869,0.03393928,0.02627462
31,-0.01360268,0.089288086,0.06044926,0.04881455
32,0.14588763,-0.1476124,0.053069472,0.05559572
33,-0.111376494,-0.080531344,0.057799883,0.048901696
34,0.7861974,0.083823144,0.049302712,0.035154436
35,-0.4185763,0.20063832,0.04054982,0.031652186
36,-0.03817662,-0.09080447,0.082254834,0.07518609
37,-0.024546167,0.062296636,0.04829068,0.04741787
38,0.012519039,0.02366101,0.03156902,0.026025746
39,0.26496953,-0.07197711,0.20214936,0.13473365
40,0.33109912,-0.304325,0.060856853,0.050319467
41,-0.070053115,-0.00930275,0.03564914,0.029059153
42,-0.004331954,-0.029390603,0.045216173,0.034510158
43,0.023711517,-0.0004531294,0.042334013,0.039122973
44,-0.6644513,0.057999905,0.058166604,0.047680173
45,0.12154475,-0.0034647062,0.09277596,0.09638326
46,-0.3351689,-0.64044046,0.048003253,0.058442067
47,-0.16893247,-0.5379237,0.057786148,0.060708795
48,-0.018796004,-0.0737347,0.08367023,0.07831316
49,-0.0001918748,0.1261753,0.0523897,0.040653013
50,-0.048893325,0.06496881,0.04669482,0.037641227
51,0.33928385,0.1301273,0.07511367,0.056725096
52,0.009017803,0.03850032,0.05279812,0.0411178
53,-0.16415724,0.35953158,0.06916527,0.0703879
54,-0.6468559,-0.030654058,0.08207136,0.060405128
55,-0.27231526,-0.46198347,0.045991696,0.04645498
56,0.2426072,0.41254085,0.045916434,0.038606875
57,0.015713818,-0.08321424,0.10644652,0.10483536
58,-0.006630309,-0.13458692,0.06785306,0.060362525
59,-0.055973142,0.07173404,0.033383593,0.028262202
60,-0.57694906,0.34504014,0.16051985,0.14150469
61,-0.13582899,0.13071877,0.036932915,0.028377555
62,-0.0549806,0.022604749,0.10389705,0.08029341
63,-0.21706966,-0.37473875,0.038022492,0.037360825
64,0.19490711,0.15643267,0.07049108,0.05570691
65,-0.21061699,0.1954795,0.11738976,0.08780763
66,0.2348223,0.11048552,0.028614644,0.023978233
67,-0.3833761,0.24098617,0.11896304,0.111416
68,-0.49141362,-0.28934082,0.05300141,0.048861176
69,0.428037,-0.026983164,0.07614035,0.058351353
70,0.1468106,0.0060779825,0.025400389,0.021708244
71,0.11793086,-0.12154746,0.044940174,0.03730031
72,0.09309521,-0.2856349,0.0360112,0.032534484
73,-0.29949835,0.13775226,0.058217112,0.051263563
74,0.46223584,-0.021291934,0.08801925,0.06993577
75,-0.30620965,-0.53202987,0.060291916,0.06693995
76,-0.028146943,0.03138294,0.09921563,0.104035035
77,-0.15663321,0.32455707,0.056884587,0.050327178
78,-0.19702889,-0.14736599,0.14573036,0.115609765
79,-0.1268047,0.38070217,0.07275677,0.07352759
80,-0.61047757,0.3364696,0.06020964,0.049386587
81,0.23382866,-0.5201322,0.04689732,0.042849205
82,-0.44220474,0.06457901,0.100455,0.08582354
83,-0.140339,0.06627537,0.15732697,0.16722716
84,0.28869277,0.32031682,0.07450748,0.06126987
85,0.0132680535,0.0067446157,0.073103994,0.06818926
86,0.17440522,-0.13076481,0.10141173,0.09386912
87,0.25334588,0.36923125,0.059614003,0.055542573
88,-0.6263828,0.23812759,0.051435363,0.0458156
89,-0.012612781,-0.113278195,0.035319734,0.030519076
90,-0.25433496,-0.15552023,0.032081395,0.026286634
91,0.0016276352,-0.09905201,0.042341433,0.038154565
92,0.28893432,0.06152645,0.08602705,0.06661998
93,-0.04358371,-0.14682595,0.07542402,0.07758304
94,-0.0036525168,-0.0043771192,0.07268894,0.07196786
95,0.06774631,-0.046530783,0.080202945,0.06931303
96,0.10772067,0.006125532,0.03753199,0.028045958
97,-0.47114396,-0.6482532,0.045349017,0.051000267
98,0.42105275,0.014030047,0.063454755,0.049515653
99,0.19211078,-0.22712421,0.20229943,0.18190205
100,0.15978406,-0.04601918,0.12661543,0.112596944
101,-0.16507459,0.0017550066,0.038527325,0.030451912
102,-0.060674947,0.050450455,0.04010625,0.034977753
103,-0.5883166,0.71529865,0.066878706,0.08045164
104,0.098034635,0.18672624,0.04766482,0.05030083
105,0.04505935,0.026563458,0.0418415,0.033593673
106,-0.6566541,0.2750302,0.07564178,0.061104804
107,-0.51157475,-0.33214527,0.051750332,0.044087496
108,-0.023995757,0.004988976,0.039962515,0.0355514
109,-0.3391627,-0.1882838,0.10010259,0.08691822
110,0.2373156,-0.20802575,0.0335571,0.027559899
111,0.09500994,0.09468135,0.030149376,0.02375139
112,0.24362007,-0.5166075,0.030386122,0.033705812
113,-0.046271585,0.011112139,0.04044083,0.033785667
114,0.04351284,0.11067149,0.06029292,0.04918798
115,-0.009317078,0.05020946,0.11179054,0.086274184
116,0.67468864,-0.0064217,0.05350077,0.041115895
117,0.0070905574,0.034745455,0.023982657,0.019079443
118,0.058196206,-0.23242664,0.07569981,0.06543773
119,0.19794129,0.031369224,0.03381275,0.027581714
120,-0.27148867,-0.27281728,0.07602502,0.07962655
121,0.030733366,-0.14932498,0.044518728,0.04169096
122,-0.117522076,-0.5037521,0.10414824,0.09030774
123,-0.014592741,0.07858605,0.08966868,0.077440746
124,0.74371326,0.3463802,0.033835683,0.033366494
125,-0.11673616,-0.18156424,0.032581616,0.02679038
126,-0.15219823,-0.12559904,0.03793504,0.034413256
127,0.2768874,-0.46524104,0.05257804,0.046286423
128,-0.027714549,-0.40352634,0.03742578,0.0357797
129,0.61647445,-0.08953966,0.08641649,0.055854615
130,0.40634793,0.2729265,0.07749282,0.06352396
131,-0.16718765,-0.1495174,0.09730446,0.07554634
132,0.11919941,-0.37929225,0.081198364,0.07006856
133,0.06752801,0.19447592,0.10452841,0.10108649
134,-0.22922038,0.44768962,0.12494675,0.1277075
135,0.016029581,0.029589303,0.070523635,0.06908698
136,-0.6976855,-0.2659587,0.047524665,0.033825196
137,0.01621534,-0.08011064,0.09881418,0.07743619
138,0.32799685,-0.2840604,0.11756169,0.12244126
139,-0.10968742,0.02288425,0.027394373,0.022143338
140,-0.07955053,0.4286021,0.04265654,0.042337287
141,0.091577336,-0.0003851652,0.10923747,0.09891539
142,-0.045581833,-0.001174748,0.040218472,0.034164764
143,0.074714646,-0.0922683,0.030520953,0.027178539
144,-0.16105464,-0.009910628,0.08321873,0.07849517
145,-0.07188901,-0.17834032,0.03587849,0.029317658
146,-0.2885102,0.56045926,0.07900825,0.08953651
147,-0.08016525,0.0075006485,0.046940655,0.039906595
148,-0.030858494,0.08663584,0.039032355,0.03223443
149,0.05668808,0.027081273,0.025748877,0.021361342
150,0.25390008,0.08959825,0.17885087,0.12916861
151,0.070482776,-0.023757689,0.041308947,0.036570825
152,0.31825155,0.096670136,0.046048272,0.032510232
153,0.09695421,0.028505042,0.20112252,0.15883553
154,0.0724158,-0.09000029,0.046254434,0.038992815
155,-0.050682746,-0.060612813,0.039667983,0.033152953
156,0.7128075,0.06915948,0.073540695,0.06153586
157,0.12496175,-0.0026825666,0.10612838,0.09623366
158,-0.05802565,-0.059231505,0.039478686,0.034566604
159,0.08180261,-0.19141588,0.071565256,0.06695387
160,-0.0032908898,-0.018569335,0.0901784,0.08826645
161,-0.46989873,-0.39435583,0.094986364,0.0719311
162,0.024699625,-0.024529003,0.06160846,0.059052292
163,0.1794404,-0.36190826,0.02829729,0.029640177
164,-0.250107,-0.17145881,0.035201658,0.028619712
165,-0.09222117,0.24335544,0.087892056,0.098138444
166,-0.083218314,0.13918954,0.0697011,0.06772518
167,0.005491499,0.018331654,0.033092424,0.027165005
168,0.18541504,0.16202293,0.05316013,0.044609092
169,-0.0847038,-0.27237368,0.118590206,0.11070021
170,0.34638816,-0.6614926,0.060120855,0.05057698
171,0.70383006,-0.2850435,0.06447078,0.056408666
172,0.58519375,-0.09984027,0.04833021,0.034723356
173,0.072092995,-0.15578821,0.03858146,0.032505386
174,-0.036476143,0.11013684,0.1043247,0.08632817
175,-0.015109876,-0.02682028,0.040178623,0.035023537
176,0.12510362,0.1915942,0.041520763,0.039210547
177,0.016288072,-0.008708224,0.024630712,0.019796677
178,0.15852953,-0.04557766,0.039917957,0.031044662
179,0.01212709,0.036748983,0.031509884,0.02703316
180,-0.072346315,-0.24290419,0.15223649,0.17020042
181,0.028250415,-0.050494447,0.047702108,0.04110922
182,-0.008227188,-0.034406975,0.03341357,0.028380863
183,0.051621605,-0.13429144,0.04940177,0.050091144
184,0.2824398,-0.82001424,0.06125286,0.06095097
185,0.17771816,0.19532067,0.03755151,0.031321034
186,-0.34367833,0.006628543,0.05034206,0.03670733
187,0.36687577,-0.07902241,0.03431222,0.026567174
188,0.022405263,-0.027451023,0.068080045,0.05202049
189,-0.051129643,0.03162457,0.03351479,0.02807868
190,-0.4228611,0.42095253,0.032622688,0.031314157
191,0.73044664,-0.2303963,0.07304726,0.070067205
192,0.046590734,-0.00089232624,0.033815857,0.029887736
193,-0.5843898,-0.2906376,0.04372004,0.036678877
194,0.26087397,-0.7530669,0.04537898,0.043712378
195,0.025861263,-0.034135386,0.03158023,0.027507417
196,0.26838806,0.7211449,0.048369735,0.05400418
197,-0.054759793,0.0061113685,0.03697703,0.028807126
198,0.09495558,-0.18725875,0.03941085,0.034609776
199,0.07312137,0.3095281,0.06515089,0.06067143
200,0.18480943,0.2891099,0.08181084,0.066284865
201,-0.053524915,0.14783458,0.03992678,0.036355864
202,-0.022556037,-0.11070578,0.0875223,0.08433001
203,-0.0999237,-0.039933637,0.063636765,0.05061899
204,0.7187907,0.102489986,0.073501155,0.060083676
205,0.26072708,-0.5372777,0.039468262,0.03968377
206,-0.084576204,-0.0041877404,0.027047854,0.021820795
207,0.033687238,-0.05284877,0.058262095,0.046210725
208,-0.51800096,-0.46888557,0.04112294,0.039698556
209,0.16247182,-0.07334952,0.03993342,0.029392738
210,0.05411693,0.031467877,0.024967374,0.020297896
211,-0.06364263,-0.1100086,0.10954768,0.11473754
212,0.12896605,0.036204826,0.030908689,0.024027402
213,-0.3293585,0.01912167,0.04463765,0.034724735
214,0.09363425,0.04166973,0.041448943,0.03683164
215,-0.27881727,0.30537188,0.15828274,0.13509636
216,0.010599297,-0.071566656,0.048712462,0.048292723
217,0.14293475,-0.4370629,0.043422975,0.036170084
218,0.43926844,0.24150555,0.05668963,0.04776597
219,0.024872977,0.034004565,0.02996417,0.02636235
220,-0.15346082,-0.0012857765,0.19223163,0.17504811
221,0.24960142,-0.103976294,0.08423374,0.06678452
222,0.20361489,-0.016678423,0.09339191,0.06446781
223,0.05410106,0.006212048,0.04005735,0.033687573
224,-0.7453641,0.17561364,0.057903383,0.05180054
225,0.03290176,-0.06620735,0.028463101,0.024311265
226,0.1340139,-0.11604895,0.054013774,0.042684067
227,0.05525731,-0.0826741,0.03267911,0.026506837
228,-0.12888226,-0.218364,0.034952234,0.030620895
229,0.00568315,-0.05259128,0.041731857,0.030863091
230,0.07022852,-0.102602616,0.039108247,0.029236665
231,0.14107664,-0.6351385,0.04934946,0.048346758
232,0.01826426,0.057057075,0.034281235,0.027904795
233,-0.04697661,0.15684065,0.03753532,0.0354896
234,-0.21437502,-0.08900736,0.059207916,0.04866319
235,0.14737827,0.25449836,0.066343926,0.057037104
236,0.13410419,0.13372126,0.08567872,0.070777416
237,0.012404159,0.03374402,0.026334252,0.021090195
238,-0.25509346,-0.15743205,0.026114196,0.022571066
239,-0.099183336,-0.0023256093,0.04396045,0.036884148
240,-0.04948233,0.0017682016,0.04281097,0.03676816
241,-0.13512984,-0.30719495,0.038965397,0.041179817
242,0.27291977,-0.74565756,0.077031456,0.076719105
243,-0.8023225,-0.09495364,0.07564278,0.05457487
244,-0.10172616,0.07664017,0.09937084,0.07341447
245,0.26687908,-0.14349748,0.07570102,0.058123842
246,0.21949553,0.29737717,0.11587452,0.09441394
247,-0.050346732,-0.07891175,0.08756228,0.07677162
248,0.0061339773,0.28365895,0.067510374,0.05867287
249,0.32657233,0.46551546,0.1163961,0.12039703
250,-0.24686679,-0.22070217,0.093129225,0.07000608
251,-0.26616028,0.2856941,0.074307956,0.06468353
252,0.15285555,-0.660661,0.053807747,0.05702495
253,0.32102942,-0.22504523,0.036031097,0.03313922
254,0.06708886,-0.10185121,0.05423884,0.043317076
255,0.46413785,0.42269906,0.05101858,0.04165185
256,0.18681265,-0.31628412,0.06657471,0.057523534
257,-0.021886691,-0.20639816,0.097920895,0.07487429
258,0.14087234,0.13519627,0.12380132,0.11644493
259,-0.3833684,-0.3501909,0.0438977,0.035555378
260,-0.1805651,0.27439308,0.050887957,0.0463826
261,0.11278038,-0.056757674,0.032598346,0.024614863
262,-0.25969076,-0.13067618,0.06797213,0.056490783
263,0.083933994,0.21004242,0.030854711,0.026602332
264,-0.02684944,0.006005153,0.036393024,0.032933816
265,-0.032122936,0.09830447,0.030096168,0.023616405
266,0.085191116,-0.3498567,0.030850321,0.03757726
267,0.005140122,0.057699364,0.11241726,0.09534802
268,-0.54713225,0.5399562,0.12983873,0.11769791
269,-0.09192401,0.19315152,0.044513714,0.03857177
270,0.32176355,0.36046737,0.05708526,0.060044628
271,0.06193131,0.10547489,0.032614958,0.028766641
272,0.010920707,-0.3234317,0.067883134,0.06836974
273,-0.057595845,-0.08433592,0.059904177,0.046348862
274,-0.0103384275,-0.038028866,0.098446704,0.10653293
275,-0.17762622,-0.022226825,0.10537314,0.08355271
276,-0.10822186,0.516013,0.11778403,0.11845805
277,0.043411862,-0.061683998,0.024987256,0.02065178
278,-0.0033757798,-0.071789935,0.042705655,0.042021394
279,0.009562455,0.028894812,0.050133232,0.043743536
280,-0.5977498,-0.29644033,0.087683834,0.07933784
281,0.1368747,0.58128303,0.054925367,0.06348954
282,-0.1308203,0.013714589,0.087385766,0.058816396
283,0.017081924,-0.040089622,0.025052248,0.022086518
284,0.13890335,-0.064106524,0.12446993,0.089322254
285,0.28375468,-0.32884416,0.07064727,0.07607048
286,0.10668835,0.3068274,0.046226088,0.039655857
287,-0.012286324,0.22095516,0.070304655,0.06347057
288,-0.017190697,0.049907647,0.045340817,0.04169434
289,0.3142292,0.55362993,0.052616715,0.060346764
290,-0.077062055,-0.25659397,0.110760234,0.10948945
291,0.02171294,0.12839338,0.02837945,0.024271369
292,0.1865991,-0.09851545,0.110408664,0.0772604
293,0.17671062,0.39459735,0.057916213,0.05086509
294,-0.21719414,-0.18393269,0.21068458,0.16083282
295,-0.20704916,-0.30771348,0.09435794,0.07549869
296,4.23342e-05,-0.70018494,0.059790093,0.06132422
297,0.18953888,0.59094,0.06177748,0.057238933
298,0.53534025,0.19189243,0.145416,0.1228657
299,0.060891833,0.015205175,0.09134665,0.078805625
300,-0.02211744,-0.023151122,0.038993265,0.03295979
301,-0.4652437,-0.12063192,0.08346704,0.059683524
302,-0.26845515,0.49834865,0.041162517,0.039809696
303,0.17149143,0.24979459,0.080786765,0.06922773
304,0.08500977,0.017045029,0.11602379,0.10899464
305,-0.18028331,0.28560016,0.053438958,0.04449549
306,0.25933844,0.14409994,0.2600907,0.2111182
307,0.011210281,-0.0073094815,0.028931668,0.022589566
308,0.36805418,0.45119122,0.04056619,0.041490752
309,0.43285388,0.14517513,0.069574006,0.055106513
310,0.8112527,-0.2061697,0.051141713,0.038535025
311,0.0143508725,0.0007972792,0.038851082,0.031327277
312,0.08823468,0.022909984,0.058303706,0.0461193
313,0.044752818,0.10083015,0.025787214,0.022501167
314,0.10079238,0.09652439,0.090075575,0.078006215
315,-0.049595483,-0.12553099,0.064200155,0.06001381
316,0.13633595,0.031991154,0.029759143,0.024238648
317,-0.069544226,-0.07307109,0.042652998,0.03656543
318,0.14608347,0.06779545,0.045265507,0.043023903
319,0.005314775,-0.032493934,0.031493362,0.026178816
320,-0.18223995,-0.27414984,0.05442909,0.04795869
321,-0.05503777,0.029803738,0.07484402,0.05612608
322,0.0754596,0.088463604,0.030020164,0.02631403
323,0.06226479,-0.029510893,0.056833018,0.049677268
324,0.31792945,-0.34652948,0.050457574,0.04704684
325,-0.17478937,-0.1535694,0.08930876,0.09466251
326,0.37797278,-0.1160395,0.07752459,0.06328768
327,-0.012315778,0.011393733,0.1022962,0.07824716
328,0.089348525,0.19028223,0.044029012,0.039520424
329,0.00485928,-0.03564556,0.030923255,0.02616559
330,0.019639064,0.06271217,0.03826404,0.031545643
331,0.08144821,-0.00030125678,0.034930598,0.028788753
332,0.23919219,0.47656667,0.04739814,0.046525702
333,-0.057636082,-0.08575906,0.20054072,0.16080144
334,0.24993801,-0.14312665,0.11319254,0.09807031
335,-0.34753492,-0.059680313,0.059267014,0.047576725
336,-0.149316,0.0032491013,0.034136306,0.02745574
337,-0.080163285,0.2056301,0.08219895,0.078953244
338,-0.0045815073,0.42052332,0.1252881,0.13903813
339,-0.071441546,0.1693972,0.103386976,0.09409049
340,-0.020432334,0.00787548,0.057119265,0.046758935
341,0.059311766,-0.0036905333,0.025634317,0.020287322
342,-0.00054239854,-0.019398816,0.02705064,0.021533515
343,0.041563157,-0.031784087,0.06746691,0.0556984
344,0.043901484,-0.051428154,0.02738208,0.024624027
345,0.021380316,0.010836646,0.027181976,0.024403818
346,-0.073623225,-0.0028509498,0.06565549,0.05038964
347,0.07257722,0.02732075,0.044207525,0.039659865
348,0.37226334,-0.1940341,0.07719005,0.06504867
349,0.27296817,-0.35952294,0.040261764,0.03903777
350,-0.0030403677,-0.022036321,0.058499362,0.0464575
351,-0.040242624,-0.06581259,0.06128234,0.056047235
352,-0.04859729,0.0009651333,0.08243984,0.07639658
353,0.01846787,-0.11659099,0.041866194,0.036979116
354,0.076291576,0.047203317,0.056823324,0.044440255
355,0.002136007,0.01896219,0.038728263,0.030889718
356,-0.19828847,0.12452077,0.03327313,0.024188504
357,0.03427742,-0.022048019,0.04785315,0.036362894
358,0.47750828,-0.41569993,0.08935204,0.084305145
359,-0.60639536,0.07316171,0.068562366,0.052087132
360,0.08295004,-0.07797167,0.027445989,0.022364805
361,0.14722817,0.111893624,0.10806458,0.099606015
362,0.041416418,-0.025804028,0.095585786,0.07571941
363,0.28955102,0.23152144,0.05409938,0.05495878
364,0.013797704,-0.04163553,0.026183644,0.020706775
365,0.30116364,-0.0527685,0.03510545,0.02880899
366,0.213426,-0.40140325,0.11733432,0.121162504
367,0.42388782,-0.57732654,0.04911183,0.048476413
368,-0.024993528,0.078706235,0.034495465,0.028555736
369,-0.07262723,-0.115484565,0.078577235,0.07088023
370,-0.013101231,0.07452042,0.040987127,0.03389098
371,-0.0033739172,-0.020320185,0.04520934,0.035422664
372,-0.18499887,0.1715846,0.094236106,0.085874
373,0.01629148,-0.060666353,0.023279672,0.018511672
374,-0.53689,0.58718157,0.05586961,0.055674396
375,0.4178455,-0.28217477,0.100285925,0.07964302
376,-0.793708,0.4052828,0.08588485,0.07359935
377,-0.059909284,-0.052057788,0.06655687,0.050362766
378,-0.079835445,-0.17634007,0.06419155,0.062295225
379,-0.1613987,-0.26421937,0.038732853,0.035281017
380,0.02345214,-0.07711163,0.04980869,0.04231613
381,0.13959692,0.7305492,0.11018788,0.10486094
382,0.084448874,-0.083979025,0.027676187,0.023214815
383,-0.12858546,-0.04776363,0.22635202,0.14700152
384,-0.50131166,0.025288813,0.15110368,0.10101887
385,0.0081062205,-0.0055136234,0.02696071,0.023580343
386,-0.28391862,0.29653466,0.12100703,0.113756895
387,0.08103566,0.09536935,0.061139382,0.06445048
388,0.10046832,0.11236819,0.036682654,0.031617716
389,0.06623471,-0.06423038,0.032231692,0.026687443
390,-0.2290362,-0.06606358,0.03935595,0.029799724
391,0.13787387,-0.04045093,0.0357698,0.027761467
392,-0.10980092,-0.13682102,0.042886347,0.031685576
393,0.3617107,-0.10006711,0.07922292,0.07056263
394,-0.24796966,-0.45666423,0.06531506,0.0685637
395,0.117855445,-0.103465855,0.07564267,0.060591727
396,0.21468717,0.43126255,0.248377,0.25883314
397,0.0012891144,0.1175161,0.035976354,0.032352436
398,-0.09953144,-0.07087833,0.052658446,0.042209867
399,-0.20673552,0.285596,0.15852907,0.13061331
400,0.32054523,-0.16993913,0.104950115,0.08254929
401,-0.24798986,-0.08677389,0.04651699,0.03865626
402,-0.31228438,0.17113176,0.04154021,0.033675123
403,-0.24059604,0.39387548,0.10075241,0.08814356
404,0.09419453,-0.025289826,0.04095543,0.032790996
405,0.7416219,0.06953175,0.065922484,0.055701464
406,0.072431594,-0.27247906,0.071686216,0.06755942
407,-0.123547584,0.38268942,0.06749275,0.065853216
408,-0.119644865,-0.014752753,0.07198821,0.05016309
409,-0.34785658,-0.16903108,0.083549835,0.07827788
410,-0.29152656,-0.44938073,0.06605082,0.06875972
411,0.13151269,0.057416435,0.09425336,0.07298513
412,0.14313835,-0.076808706,0.102145106,0.08181227
413,-0.02268736,-0.0075228736,0.043303564,0.0339054
414,-0.025001386,-0.050873756,0.050366547,0.041450027
415,-0.46279934,0.25412148,0.03446184,0.030250061
416,-0.14176928,0.03883208,0.16320926,0.14198655
417,-0.13147661,0.025739074,0.037474122,0.029319873
418,-0.33091316,0.5060487,0.042678814,0.041008845
419,-0.009075407,-0.013741843,0.02655159,0.020587355
420,-0.18006366,-0.20001349,0.042314693,0.033218678
421,0.020533592,-0.00101275,0.03144658,0.026603187
422,-0.10847573,0.1218287,0.0753777,0.06266372
423,0.110881224,0.097026944,0.052069504,0.041979127
424,0.0195885,0.030126601,0.059721485,0.052686155
425,-0.70267844,0.0586909,0.05056048,0.037858505
426,0.15339145,0.2553026,0.031740423,0.025539368
427,0.45081282,-0.6799576,0.04534298,0.047435936
428,0.0009711385,0.11966062,0.06810967,0.056422424
429,-0.07058022,-0.10400103,0.06253062,0.060158927
430,-0.39274886,-0.091952085,0.064847596,0.047018845
431,0.15801466,-0.3346779,0.21443224,0.22686656
432,0.08157347,-0.2921798,0.029805893,0.027588662
433,-0.06125889,-0.011247121,0.034936123,0.02963024
434,-0.021229336,-0.01766646,0.043837573,0.034732625
435,0.09241544,-0.2087827,0.036141828,0.030277273
436,-0.058124565,-0.18684143,0.1075167,0.09840222
437,-0.033443626,0.01871413,0.07418996,0.075619385
438,-0.10978556,-0.4895853,0.03923801,0.040281054
439,-0.088414125,0.11814265,0.17201625,0.13519791
440,-0.008550337,0.024883702,0.033081815,0.027799197
441,0.4908299,0.34723514,0.04593955,0.039913762
442,-0.022248097,-0.07827327,0.03338532,0.028128818
443,-0.040293552,0.26492754,0.038627453,0.03501672
444,0.23580885,-0.23058128,0.03483631,0.031440176
445,0.0063223913,-0.15370357,0.05123039,0.055628344
446,0.022424117,-0.01045385,0.02792349,0.022173641
447,0.27391,-0.49504778,0.050881613,0.04447319
448,0.015488163,0.0103509575,0.031634282,0.02434797
449,0.029751394,-0.4472783,0.21695177,0.24362776
450,-0.08349688,0.055126913,0.036727354,0.031218907
451,0.074207544,-0.108747914,0.054204628,0.048283506
452,0.39135173,0.20291808,0.054666255,0.04593764
453,-0.49818483,0.06385905,0.11369913,0.082006425
454,-0.04489314,-0.046276838,0.04167194,0.035660755
455,-0.7129396,-0.13561004,0.09073771,0.06215875
456,-0.17292534,-0.010529652,0.12891449,0.09004168
457,-0.046707824,-0.6411618,0.03052882,0.038246807
458,-0.050476167,0.04192861,0.17984228,0.14536317
459,-0.03692214,-0.014863253,0.07080399,0.065184556
460,-0.1264013,-0.05137171,0.09060292,0.07884388
461,-0.020678585,0.088948466,0.024746202,0.020765815
462,-0.082698904,-0.059437335,0.060398526,0.04384314
463,0.06537214,-0.11108011,0.10392165,0.09377482
464,0.066722825,-0.4052566,0.034834012,0.031981952
465,0.05770879,-0.083232716,0.09739564,0.07290946
466,-0.0024494827,-0.12405114,0.097246826,0.09104618
467,-0.59898174,-0.23705906,0.054182947,0.04210882
468,-0.015190842,0.012119941,0.04677139,0.041855033
469,0.3727612,-0.50446,0.03943159,0.036187552
470,0.05957551,0.056214154,0.07953158,0.06213537
471,-0.098885566,-0.08909762,0.076724574,0.074154794
472,-0.10700317,0.085841134,0.03848683,0.027696824
473,0.021270014,-0.13841596,0.039887033,0.03393034
474,-0.022568405,-0.022877723,0.042278472,0.03528923
475,-0.006185649,0.014601067,0.06775893,0.0590317
476,0.49480745,0.50616884,0.18225826,0.19858629
477,-0.037871167,-0.07359217,0.03611676,0.029606476
478,-0.44754747,-0.43409434,0.09686472,0.10018981
479,0.05447283,0.022510558,0.0410488,0.031552903
480,0.1503399,-0.21869954,0.050745305,0.055114906
481,-0.043141656,0.07704638,0.03460706,0.029253073
482,0.09276955,-0.17218119,0.1699364,0.196169
483,0.41447008,-0.2431972,0.13405856,0.1199865
484,-0.076212645,-0.51818204,0.06352434,0.06259163
485,0.69190973,0.63947046,0.06726307,0.055127315
486,0.09715599,-0.090119556,0.06682184,0.064069584
487,-0.008317439,-0.061201364,0.074575305,0.068129465
488,0.11460926,0.102145255,0.06597159,0.076480925
489,-0.0461426,-0.19592002,0.1929787,0.1836596
490,0.038287986,0.054014746,0.04205618,0.033696603
491,0.062785774,0.051254362,0.060139935,0.055212993
492,-0.02089608,0.10517965,0.036510844,0.033208307
493,-0.072777964,-0.21370709,0.18034858,0.20411281
494,0.1901077,0.089592546,0.05109866,0.042481165
495,-0.088076025,-0.009855181,0.04998504,0.044035174
496,0.0024597496,0.037621103,0.0353088,0.028727282
497,-0.070976436,0.05553182,0.03767252,0.026902325
498,-0.005203543,-0.030354306,0.14146377,0.12627082
499,0.0018158332,0.23327121,0.03214211,0.02923332
500,0.031697046,-0.028442591,0.07470309,0.06304715
501,0.17858116,0.3508776,0.032722034,0.03853043
502,-0.026090927,-0.06962405,0.054452796,0.044967663
503,-0.09915571,0.017631195,0.0673411,0.05373019
504,-0.06113136,0.020608172,0.021990014,0.017304018
505,-0.038259834,-0.045585573,0.043441806,0.035381686
506,-0.034049466,0.0351694,0.0469791,0.034428593
507,-0.023010839,0.019357257,0.03802123,0.03210814
508,0.04949892,0.052648317,0.06734499,0.051752616
509,0.0055947714,0.040468387,0.025644656,0.02145611
510,-0.0491805,0.1695168,0.065089114,0.052877866
511,0.15162253,-0.14436378,0.10066932,0.10403082
512,-0.0890183,0.09870871,0.066361785,0.06040074
513,-0.498803,-0.53264546,0.041256554,0.044073652
514,-0.48093805,-0.3292723,0.12196765,0.094779275
515,-0.17040603,-0.5344212,0.045423068,0.04892579
516,-0.2074707,-0.20527712,0.034525413,0.028484654
517,0.14741044,-0.21960619,0.03980787,0.030603316
518,-0.026860133,-0.0517482,0.050731264,0.05104639
519,-0.051777102,0.027683191,0.07262242,0.08050559
520,-0.10357769,0.35413092,0.029539952,0.027232563
521,0.030392248,-0.016536854,0.09062176,0.079339564
522,-0.22327515,-0.05295752,0.12158961,0.10709049
523,-0.06171747,-0.34824702,0.03140742,0.030347658
524,-0.17937678,-0.45646462,0.03068605,0.032020014
525,-0.11733404,0.12799288,0.087565884,0.07069451
526,-0.49420846,0.47018087,0.03884225,0.02845107
527,-0.04345066,0.014929682,0.045606572,0.043083303
528,-0.0763008,-0.048283473,0.029786339,0.024599532
529,0.44592726,-0.4983745,0.04479827,0.042209994
530,0.012203477,0.022404611,0.08548885,0.07758415
531,0.077966005,-0.36534876,0.04417342,0.049714833
532,-0.069406,0.04126169,0.027892422,0.023066716
533,0.04511178,-0.035972655,0.028267624,0.02583627
534,-0.041766502,0.0125679225,0.093572475,0.0719182
535,-0.0034179725,0.0010255501,0.04333553,0.034156796
536,0.2637233,0.11253081,0.110685855,0.088556156
537,-0.4536869,0.48618907,0.035995677,0.037710793
538,0.22833255,-0.13766518,0.10114025,0.08477291
539,-0.7042057,-0.050654158,0.042413194,0.03336565
540,0.07291019,-0.17121342,0.0715435,0.06953035
541,-0.023692137,-0.06229855,0.0363275,0.033781044
542,0.1837458,-0.22608387,0.035068955,0.031401232
543,0.25121745,-0.09900746,0.12269982,0.08765657
544,0.01093822,-0.03218107,0.0679699,0.05613652
545,-0.013538331,-0.16883516,0.026233811,0.022439877
546,0.57043636,-0.5429245,0.04181475,0.03703518
547,-0.27199528,0.10693629,0.1543841,0.13423963
548,-0.061580583,0.49199438,0.1249174,0.14384714
549,-0.03510759,-0.015304536,0.07669133,0.07458038
550,0.0025484338,-0.0042622983,0.027980525,0.020918397
551,-0.22369064,0.008996598,0.032538686,0.024262466
552,0.13690327,0.157433,0.06121922,0.049488325
553,-0.0019068904,0.014259599,0.024224594,0.020287648
554,0.08489294,0.037235666,0.03705848,0.029204885
555,0.43655404,-0.34138504,0.03954126,0.042220563
556,0.07407312,-0.12692285,0.029521901,0.024620065
557,-0.048297312,0.034400813,0.07318742,0.07753915
558,0.53367233,0.0481601,0.106837735,0.0904002
559,-0.016859489,0.03201592,0.48882908,0.4795447
560,-0.07557349,-0.11517972,0.16219433,0.11960285
561,0.18810572,0.1555742,0.048603345,0.040554162
562,0.12939729,0.61353433,0.07272885,0.08320748
563,-0.14586315,1.0296446,0.044900164,0.05172234
564,-0.042916067,-0.025465205,0.08821354,0.061920278
565,-0.10450427,-0.020611413,0.03497031,0.027451599
566,0.08827126,0.09361898,0.09663422,0.085786924
567,0.025177546,-0.03206782,0.030721318,0.023690624
568,0.22821254,0.29099545,0.15462616,0.12244212
569,0.5805251,-0.37223822,0.09258255,0.078680106
570,-0.1922967,0.11987537,0.07907379,0.060526803
571,0.1127404,-0.025861062,0.09309859,0.069001436
572,0.35863608,-0.18784165,0.076902755,0.057826865
573,0.020042866,0.13058537,0.030122306,0.02592709
574,-0.034245037,0.037465878,0.064041615,0.053334456
575,-0.6007446,-0.3680949,0.07359685,0.05739797
576,-0.03653831,-0.6338612,0.055525936,0.06538041
577,-0.0502673,-0.01980897,0.0642555,0.05842654
578,0.9121656,-0.13033706,0.06380006,0.046830535
579,0.19139463,-0.19449893,0.05610678,0.053404573
580,0.17264564,0.017365463,0.07087772,0.047080398
581,-0.3627975,-0.35251218,0.055830944,0.055382065
582,-0.15272394,0.05647246,0.040685344,0.03101079
583,0.04023492,-0.23205617,0.22973308,0.22423193
584,-0.076781936,0.51542735,0.040629715,0.0409073
585,-0.17034324,-0.100375086,0.16858953,0.14027616
586,0.04551552,-0.5379411,0.055723157,0.061112463
587,-0.075945005,-0.02468174,0.03924145,0.03165774
588,0.55912,0.1301148,0.1140321,0.096361324
589,0.004494313,0.008437291,0.02437736,0.019772874
590,-0.22396046,-0.07699819,0.11849151,0.08740821
591,0.059575964,0.045578543,0.034936585,0.030084925
592,-0.027459491,-0.22503749,0.15113914,0.12341363
593,-0.031006487,-0.1039425,0.025807196,0.023448901
594,-0.035823226,0.34492534,0.036639333,0.036684904
595,0.091233045,-0.025100537,0.07888146,0.059937406
596,0.32744238,-0.13543333,0.110884756,0.07857202
597,-0.16280362,0.012047008,0.0805489,0.076574326
598,-0.21098718,0.09233125,0.10274725,0.10083914
599,-0.12718411,-0.021764494,0.094028875,0.07557365
600,0.024266072,0.41384953,0.096679024,0.08862075
601,0.43344235,-0.8539058,0.04751922,0.056430828
602,-0.12883045,-0.052250013,0.10054071,0.10204653
603,-0.030010968,-0.040511906,0.030026065,0.022820145
604,0.013068702,-0.008584872,0.06140254,0.06074173
605,0.012118805,-0.005761482,0.031529747,0.02650288
606,0.0326724,-0.05719833,0.06220538,0.049406327
607,0.09516007,-0.07828632,0.042956583,0.032365724
608,-0.21331215,-0.29836607,0.31290433,0.29025808
609,0.06656945,-0.08841623,0.025292415,0.021547196
610,0.11601326,0.12699972,0.029339587,0.02435084
611,0.07791367,-0.22632438,0.037162207,0.036198333
612,0.0059146546,0.0398238,0.03376584,0.025246844
613,0.023920592,0.04997513,0.07254947,0.05287046
614,0.25965768,-0.20119178,0.14397821,0.15311894
615,-0.16068581,-0.20126504,0.045494836,0.04588312
616,0.016807992,0.010050014,0.034440994,0.02992532
617,-0.03963948,-0.009392008,0.062114418,0.045301557
618,0.08792527,-0.11866525,0.03080235,0.026341507
619,-0.109778285,0.26370847,0.04609313,0.04466832
620,-0.35099596,0.11819479,0.037142333,0.028077912
621,0.13370866,0.4056884,0.07729962,0.07909758
622,-0.41525942,-0.46075585,0.058896303,0.05419096
623,-0.08964385,0.24865295,0.115217656,0.109905034
624,0.17088269,0.26600796,0.082203574,0.07286529
625,-0.06110379,0.011662543,0.06655174,0.0706872
626,-0.17009085,-0.04011126,0.09086356,0.070397906
627,-0.052703653,-0.13242276,0.11432295,0.100476414
628,0.030139133,-0.033329085,0.022997549,0.01919993
629,0.07901892,-0.037380442,0.06636546,0.04844263
630,-0.0022712294,-0.18542796,0.046847153,0.04285655
631,0.2754499,-0.072577,0.03458449,0.02917981
632,-0.53140897,-0.6056658,0.07333345,0.07862606
633,0.120660186,-0.6415663,0.032418784,0.03493205
634,-0.4755209,-0.10627332,0.11375785,0.073332325
635,0.070391834,0.070116214,0.035269104,0.02928645
636,0.0055682994,0.0150847435,0.0320411,0.026339835
637,0.09361607,0.041445427,0.1784704,0.16899121
638,-0.3310805,-0.042407468,0.073858745,0.058229383
639,0.20211591,0.36242747,0.06869861,0.06478107
640,-0.2848399,-0.2629305,0.13143344,0.11238649
641,0.39545983,-0.37241635,0.13484079,0.1244323
642,0.37395692,-0.19754526,0.09595571,0.09141489
643,0.44318518,0.40414342,0.098300755,0.092046276
644,0.013215624,0.07410641,0.044266034,0.034641664
645,0.32020923,-0.26899084,0.055170197,0.047670383
646,0.24770236,-0.63106287,0.054275654,0.055014413
647,0.72184825,-0.3504878,0.26278552,0.23021665
648,0.061449733,0.08605329,0.038632724,0.03735445
649,0.07790904,-0.20293924,0.06284179,0.05026406
650,0.7513785,0.10628592,0.056146897,0.04530362
651,-0.20731197,-0.18265772,0.060252517,0.047807336
652,-0.17840742,0.20237447,0.09069296,0.08044112
653,-0.018987412,-0.007923797,0.024812836,0.019485744
654,0.08798523,-0.046014294,0.25579992,0.21139108
655,0.032803748,0.04593187,0.17819144,0.17637867
656,0.37586498,0.16293477,0.05877626,0.045386117
657,-0.016279116,-0.0020433366,0.039958734,0.039074283
658,-0.08144362,0.08479163,0.027501542,0.02119752
659,0.23128176,0.0809312,0.042795327,0.032487705
660,0.23863679,-0.12933192,0.076848544,0.07484959
661,-0.32793534,0.49458066,0.04975107,0.053028908
662,0.11665894,-0.19180557,0.05955358,0.054210972
663,0.5139022,0.3596677,0.041206107,0.035958063
664,0.020897932,-0.0451992,0.057772417,0.057065815
665,0.05244984,0.062722,0.026845245,0.023191858
666,0.20543475,0.081219055,0.06606243,0.05856646
667,0.12808491,0.020482875,0.041656613,0.031422023
668,-0.099210784,-0.6170206,0.04137529,0.047916707
669,-0.06642957,0.13838449,0.04655464,0.045387454
670,-0.22407493,-0.10226902,0.08107372,0.06830203
671,-0.39571553,-0.5800953,0.058716577,0.065176554
672,-0.046812188,0.024527118,0.039939374,0.035099786
673,-0.18661676,0.21655202,0.051726792,0.036507405
674,0.46528795,-0.18288356,0.041939702,0.0321329
675,0.49362692,-0.5021651,0.046000347,0.042647902
676,-0.013604952,0.050936792,0.032400783,0.026443144
677,0.27444354,-0.2551936,0.058747478,0.057762742
678,-0.39129585,-0.4981291,0.054229468,0.056438953
679,-0.02258356,-0.08369136,0.0535949,0.04433273
680,0.0461921,-0.0045683607,0.04640978,0.042582173
681,-0.0031893384,0.025485814,0.049460094,0.040755324
682,-0.35334837,0.21681078,0.19398557,0.16290982
683,0.08534841,0.17523274,0.059079815,0.05580092
684,-0.059905395,-0.08941525,0.038959783,0.033554334
685,0.07788809,0.08648126,0.10119898,0.07634608
686,0.07908514,-0.09515065,0.053272374,0.04220822
687,0.049806144,-0.06862232,0.05808191,0.041840285
688,-0.030203363,0.07984072,0.037647948,0.0323077
689,-0.18419799,0.35614276,0.030533092,0.025832308
690,-0.52800506,-0.34429854,0.1022664,0.101365015
691,0.07815452,0.08104583,0.09909233,0.08549956
692,-0.05117308,-0.054550663,0.071256794,0.061497632
693,-0.30866492,-0.10158448,0.35367236,0.31879288
694,0.18595023,0.055031724,0.111050226,0.07462113
695,-0.12378591,-0.046190992,0.030012874,0.022012554
696,0.6261542,0.67746603,0.07864137,0.10096285
697,-0.053739276,0.00049339235,0.052470583,0.04757735
698,-0.15784615,-0.061336458,0.068798095,0.05082203
699,-0.02376103,0.39227462,0.028624263,0.027906695
700,0.2765337,-0.3469916,0.12129801,0.13289809
701,-0.00478849,0.056963183,0.102659576,0.100233085
702,-0.522566,0.20015016,0.07501911,0.06293032
703,0.023645245,-0.05388619,0.108134136,0.09110171
704,0.7132127,0.24755603,0.04648148,0.038342133
705,-0.028124329,-0.110075325,0.050097067,0.043688707
706,-0.023207905,0.48154983,0.061762914,0.06462032
707,0.05251689,-0.066717446,0.042495344,0.03712159
708,0.058077592,0.5580676,0.035753235,0.038530357
709,-0.016991295,-0.080342084,0.027123151,0.023749338
710,0.15399145,0.09598188,0.08041075,0.05538835
711,-0.16281812,0.053258155,0.036275197,0.026834313
712,-0.07376809,-0.103018075,0.10486015,0.08338222
713,-0.7505682,-0.39233926,0.042021092,0.04092479
714,0.25813824,0.06423966,0.067001015,0.049623158
715,-0.0023873188,-0.23788339,0.026411692,0.02613434
716,0.0002198331,-0.039935112,0.05340155,0.04676281
717,0.2661616,0.06705742,0.046393167,0.039134964
718,-0.02570029,-0.09877798,0.05379012,0.04204971
719,-0.046696015,-0.022250839,0.096456476,0.07975524
720,0.0022623427,-0.032860354,0.022586102,0.019370127
721,0.010179929,-0.01035022,0.031756125,0.02632563
722,0.07915172,0.02718924,0.041757695,0.03456446
723,-0.41925353,-0.23055398,0.042032752,0.03435078
724,-0.13065639,-0.32555547,0.15515365,0.15552728
725,-0.44941333,0.8693572,0.057633117,0.088323206
726,-0.02938363,-0.009420045,0.026431546,0.021104442
727,0.050108407,-0.07061675,0.028311657,0.025369527
728,0.07269114,0.05098775,0.06936582,0.0544155
729,-0.114690736,0.5185615,0.07871531,0.09332786
730,0.001271613,0.035753388,0.107413076,0.09609851
731,0.3160978,0.6471621,0.04419235,0.046757184
732,-0.012656849,-0.0019971207,0.055337824,0.04983937
733,0.10958481,0.5704255,0.058736015,0.06883081
734,-0.23376329,-0.89048374,0.06014229,0.064113304
735,0.17116502,-0.054925486,0.029870573,0.025559409
736,-0.21924956,-0.30802172,0.121269904,0.10652532
737,0.17982525,2.1830201e-06,0.10169767,0.094986014
738,-0.003610719,0.04315344,0.09069177,0.08259228
739,-0.084729485,0.0575258,0.028751101,0.02491838
740,0.05273353,-0.07536617,0.03434574,0.02880395
741,0.2043756,0.16231862,0.04941539,0.042943586
742,0.058537547,0.18010214,0.042686693,0.042326044
743,0.23997188,0.38494876,0.14041127,0.14138432
744,0.1564122,-0.52304137,0.03824075,0.03742915
745,0.022840723,-0.009304553,0.14469959,0.11977555
746,0.09527187,-0.11484997,0.026398923,0.021981351
747,-0.10425584,-0.59619,0.034387548,0.03617321
748,-0.0082164835,-0.026086032,0.030095013,0.025779579
749,-0.16234216,-0.36241475,0.08279502,0.075441904
750,-0.74734867,-0.48683736,0.06319034,0.057169504
751,0.3275338,0.17028704,0.041764673,0.030569544
752,0.41129422,-0.106093735,0.037113387,0.032269776
753,-0.05159651,-0.17241096,0.10322023,0.10349411
754,0.051275436,0.30756515,0.034038376,0.033055402
755,-0.59732735,-0.0648894,0.03780155,0.031498786
756,-0.37123746,-0.3523368,0.036052484,0.03348279
757,-0.13447744,0.117972806,0.036419924,0.030825654
758,-0.011054674,0.10782495,0.05456817,0.04504906
759,0.69424546,-0.2370145,0.1253431,0.103704646
760,0.07263842,-0.65336514,0.16506776,0.15658553
761,0.040122677,0.06606661,0.081806004,0.07172203
762,0.053170573,0.10659655,0.08252172,0.07700961
763,0.008174393,0.21073774,0.12639979,0.10931497
764,0.24435994,0.1118415,0.08850491,0.07317487
765,-0.020613143,-0.21056208,0.10347782,0.109169066
766,-0.08234311,0.017540097,0.11950755,0.111900225
767,0.18091899,0.12297018,0.15902795,0.12210585
768,-0.17940277,-0.044604585,0.092891015,0.07988881
769,0.018849056,0.0382748,0.040993415,0.033047646
770,-0.5025962,-0.35456347,0.07733836,0.067102686
771,0.35185844,0.09611225,0.22508824,0.14098398
772,0.21275671,0.47632003,0.04364895,0.04604422
773,-0.020135127,0.05855887,0.029216178,0.02634529
774,0.020478986,0.062472705,0.1033184,0.07226184
775,-0.069680914,-0.049930632,0.037354227,0.03362168
776,0.09924543,0.115956515,0.026632965,0.02448495
777,-0.23189704,-0.15449348,0.106035426,0.08958869
778,0.39354026,-0.008937828,0.083743244,0.06660789
779,-0.08424051,-0.23452431,0.06542459,0.059462257
780,0.020822518,-0.04696709,0.05414873,0.047552086
781,0.13540073,-0.00037061423,0.087088935,0.08221682
782,0.51854014,0.27008116,0.06362144,0.04949768
783,0.30472204,-0.19317281,0.05848678,0.044091064
784,-0.1364157,0.11717587,0.07167378,0.057120442
785,-0.1427115,0.07697983,0.0596705,0.04579407
786,0.050698306,0.02454403,0.08114704,0.08391279
787,0.024202693,-0.033354715,0.22928174,0.21211694
788,-0.18792526,-0.07644479,0.035733916,0.026729317
789,0.037285533,-0.011275716,0.050204214,0.04433492
790,-0.04539935,0.0015103146,0.028651481,0.023504866
791,0.12848166,-0.09322508,0.031572606,0.027496705
792,-0.2634403,0.18067077,0.042834155,0.031732053
793,0.0718759,-0.14927717,0.031209622,0.027378816
794,0.047814015,0.057193182,0.033107072,0.027979461
795,-0.03788942,0.0044013113,0.104950115,0.08961807
796,0.09688322,0.08761836,0.049020804,0.03827917
797,-0.5127254,-0.5215033,0.08075587,0.10823822
798,0.4250444,0.2373721,0.12259647,0.111954905
799,-0.2822441,0.28382432,0.08515161,0.080023594
800,0.1832572,-0.022266187,0.078668915,0.05798495
801,-0.38442785,-0.5321896,0.04485082,0.051601507
802,0.06335208,-0.170847,0.11359283,0.09710276
803,0.41912708,-0.74059784,0.06372771,0.055941034
804,-0.16911906,-0.2789761,0.048489444,0.046412375
805,-0.14794949,-0.10395181,0.11143102,0.074387684
806,0.011229925,-0.06195052,0.059699018,0.04579862
807,0.080672175,-0.07918066,0.042322468,0.03394452
808,-0.03684161,0.09988182,0.06760908,0.06195451
809,0.06483361,-0.058187783,0.06378307,0.05028771
810,-0.09773177,-0.16681924,0.1608389,0.14466856
811,-0.02023736,-0.03721501,0.026630873,0.02108842
812,0.44568098,0.55909383,0.11557306,0.096706085
813,-0.13131294,-0.023833409,0.050483182,0.039906774
814,-0.5905433,-0.1110789,0.34479836,0.24553916
815,0.058414843,-0.07293798,0.113701895,0.105691835
816,-0.09384443,0.20604746,0.05268537,0.042757012
817,-0.05960776,0.13845374,0.084692664,0.06115754
818,0.43763468,-0.4451436,0.0705554,0.06337319
819,0.18042122,-0.18721133,0.03653268,0.028122932
820,0.029376619,-0.159949,0.06625301,0.060001023
821,0.46994796,0.4611922,0.043631718,0.044731505
822,-0.06462945,0.0040065125,0.07243472,0.06271436
823,0.052961614,-0.090344176,0.025839955,0.021603476
824,-0.07716188,-0.07648189,0.05471061,0.045349516
825,-0.34587607,-0.20677105,0.03793137,0.034001563
826,-0.11759068,0.00054372847,0.08709407,0.06663766
827,-0.036869656,-0.0066719055,0.028183253,0.021750247
828,0.08506307,-0.3501695,0.053565968,0.05162314
829,0.0052076615,0.007964052,0.040632814,0.029971289
830,0.04559117,-0.022430465,0.06912389,0.057020243
831,-0.0318305,0.41304445,0.13749035,0.13673745
832,0.7220576,-0.5182611,0.0512074,0.0403771
833,0.40325588,-0.5691298,0.049034536,0.049183343
834,-0.41064477,0.20024341,0.13149542,0.12694839
835,-0.0073494427,0.017746978,0.023717025,0.019799395
836,0.28126147,0.02021747,0.06073245,0.049442522
837,-0.48645926,0.3343725,0.03724134,0.03447714
838,0.4694663,0.07403166,0.26346886,0.19924355
839,0.31698805,-0.50661135,0.04285791,0.044770323
840,0.3394108,0.15809497,0.05348032,0.04371758
841,0.16399543,0.44243115,0.052581996,0.0516407
842,-0.1320806,0.08252361,0.07618167,0.062343612
843,-0.012501445,0.079756334,0.06355555,0.06512792
844,-0.06449963,0.37274882,0.07415875,0.07428774
845,0.04921591,0.03667048,0.04173666,0.030649556
846,0.2302514,0.2955119,0.15345852,0.123784885
847,0.5991454,0.22151531,0.04886664,0.04915147
848,-0.23757835,0.17686534,0.050210107,0.042826373
849,-0.0040820837,0.017712906,0.027552336,0.022785684
850,-0.023765959,0.028272495,0.023784315,0.020188583
851,0.07874586,-0.09562807,0.22392496,0.19020757
852,0.4707217,0.33057398,0.040597547,0.034129184
853,-0.3080417,0.5786501,0.038845003,0.03704661
854,-0.017154742,0.1330532,0.06223316,0.0546143
855,0.053986724,0.20642552,0.03554146,0.038058996
856,-0.07302044,-0.014140874,0.0667023,0.05398063
857,-0.04607218,-0.63585865,0.058452923,0.06320034
858,0.5648568,-0.34483525,0.088353686,0.06423305
859,0.2841107,0.072732985,0.08809664,0.067442894
860,-0.2792787,-0.2040059,0.04789451,0.04638207
861,0.07646513,-0.050771564,0.05017927,0.056575235
862,-0.020932805,-0.011417419,0.02712884,0.023915779
863,-0.7403011,-0.35683495,0.06601109,0.070601866
864,0.096599415,-0.20543417,0.09925406,0.08564052
865,-0.5569659,0.31793466,0.2416175,0.16458637
866,-0.20944315,-0.5809722,0.043031603,0.04693709
867,-0.015329216,-0.068798065,0.08363931,0.081423186
868,-0.2195763,0.056348447,0.032063957,0.026679706
869,0.13755754,0.25991252,0.029363202,0.026068468
870,0.096466765,0.099560045,0.027082894,0.024046091
871,-0.1036143,0.18434921,0.031885687,0.027022064
872,0.15495358,-0.074413344,0.06861658,0.06313654
873,0.30239198,-0.54341817,0.15773045,0.18256077
874,0.038717877,0.0030416846,0.0505377,0.040342268
875,0.008371301,-0.23849487,0.116337195,0.106121935
876,-0.34262532,-0.18283415,0.05372573,0.04390097
877,-0.10014965,-0.458604,0.061317332,0.06980555
878,-0.14521071,0.00639876,0.06375399,0.058768757
879,0.012378655,-0.13637608,0.03577555,0.03176231
880,0.013017017,-0.01001332,0.055759463,0.044039316
881,0.024359427,0.010582894,0.03866278,0.03641144
882,0.25466776,0.082159065,0.1232974,0.106179245
883,-0.13274488,-0.021493666,0.061893687,0.04708409
884,-0.12517545,0.06912386,0.12399552,0.11654868
885,-0.020572893,0.6054276,0.078543395,0.11474005
886,0.017386887,0.017212667,0.029260289,0.02342971
887,-0.04756824,-0.07625349,0.0393783,0.03315754
888,0.011417028,-0.27316156,0.033454034,0.032969292
889,-0.3285833,-0.5006808,0.05237092,0.05175759
890,0.0068099312,-0.06925689,0.12692681,0.105535
891,-0.3555143,-0.5760877,0.0446145,0.04352662
892,0.028553233,0.058525115,0.079611376,0.0767102
893,-0.009368602,0.25107127,0.04008415,0.036321744
894,-0.059591252,-0.0065956265,0.08072442,0.07734582
895,-0.028649196,0.014439754,0.037612475,0.027865084
896,0.7639129,0.101682894,0.051731884,0.038820516
897,0.6709926,-0.17140672,0.07999156,0.06067558
898,0.04695614,0.19806284,0.028707324,0.026395952
899,-0.17222625,-0.1202306,0.084160976,0.07725874
900,0.03805932,0.072045684,0.061622586,0.055136353
901,-0.580909,-0.031061292,0.0429029,0.03876892
902,-0.15422349,-0.1307638,0.11028664,0.11541368
903,-0.08397913,0.11140635,0.16245843,0.14812693
904,-0.84637153,-0.38119024,0.04697182,0.043774255
905,0.12443085,0.013860978,0.038480636,0.03154072
906,0.084597796,0.071959384,0.04901399,0.04837579
907,-0.10522883,-0.21305484,0.13980207,0.12433276
908,-0.26437986,-0.07241008,0.07042719,0.056218076
909,0.038618956,0.11327046,0.031726103,0.027320113
910,-0.0012585148,0.006174773,0.06558248,0.050217457
911,0.107290134,0.23455955,0.03806025,0.032874744
912,-0.060677513,-0.26351354,0.053004347,0.05532319
913,-0.11542094,0.17522721,0.12992826,0.12710667
914,-0.12240784,-0.08697051,0.036890406,0.032154206
915,0.07620677,-0.38821244,0.07572811,0.08781033
916,-0.11920725,-0.2634988,0.109064534,0.121919975
917,-0.41170287,-0.54480267,0.05668524,0.058429454
918,-0.38245013,-0.5173491,0.04671131,0.04783265
919,-0.027656417,0.041363675,0.03405485,0.026506605
920,0.458942,-0.6797036,0.066817045,0.071744986
921,-0.009759473,-0.027293287,0.13886376,0.10213538
922,0.09158264,-0.09563522,0.095072635,0.09689658
923,0.6455405,-0.25041348,0.062762074,0.05834642
924,-0.07591185,-0.017410591,0.05431596,0.04813443
925,0.026216108,-0.08031693,0.037116945,0.031505607
926,0.2879311,-0.44154552,0.043342724,0.045946438
927,-0.067924544,0.021422148,0.04747886,0.037197188
928,0.27332947,-0.13263766,0.092957936,0.08831335
929,0.14972991,-0.12156361,0.035679962,0.029710405
930,-0.0034777336,0.00085012615,0.02847064,0.023175593
931,0.019948293,-0.01745034,0.028390108,0.027210131
932,0.0059533156,-0.028577566,0.04342879,0.037903193
933,-0.5636891,0.21986541,0.029736808,0.026082866
934,-0.16829288,0.04692692,0.28530684,0.21880358
935,-0.64486957,0.29169106,0.04269789,0.04154141
936,0.062208835,-0.05758111,0.054505628,0.045042854
937,-0.100064486,0.10939368,0.1041839,0.102579206
938,0.049747404,-0.049403116,0.07287759,0.050775994
939,-0.015949706,-0.005503811,0.030293956,0.023932232
940,-0.02596043,0.23807204,0.03431291,0.030724216
941,-0.050920524,-0.0047814474,0.02927372,0.024055596
942,0.015143234,0.050522354,0.10471407,0.077028215
943,0.10524914,-0.3375134,0.20546062,0.19221674
944,-0.54623467,0.5712024,0.26009437,0.21832031
945,0.22267511,-0.3313193,0.0990499,0.11319628
946,-0.013629397,0.015155219,0.047115237,0.037735708
947,0.12144968,0.15701091,0.057870414,0.048857845
948,0.112157285,0.03772006,0.050187998,0.04214298
949,-0.18944715,-0.28906348,0.031607144,0.029840644
950,0.0044168346,-0.09671624,0.12975436,0.103074946
951,0.26781768,0.3954263,0.043972198,0.037113026
952,-0.008212784,0.025218867,0.060207058,0.0535745
953,0.3125182,0.09135498,0.173182,0.116216205
954,-0.1523974,-0.031188771,0.046557713,0.039628137
955,0.36426622,-0.26038656,0.04186654,0.034546252
956,0.030498363,0.022091351,0.032060843,0.027507996
957,0.6587073,0.5107509,0.054384947,0.05523813
958,-0.04813796,0.76890457,0.071871504,0.103158355
959,0.55195767,0.1511815,0.042243157,0.034682047
960,-0.77594566,-0.42606637,0.052332457,0.0473703
961,0.33818078,0.06157498,0.05948259,0.043865647
962,-0.0776104,-0.45660374,0.06835208,0.071261935
963,0.027629297,-0.010989137,0.044357948,0.035787195
964,-0.110623226,-0.16049325,0.14151542,0.10174069
965,-0.14623775,-0.1627523,0.100206226,0.09972571
966,0.12465316,0.21995269,0.058300544,0.053720247
967,0.23967376,0.43330586,0.04711978,0.0464645
968,0.5298176,-0.063248575,0.08329123,0.055615127
969,-0.11579202,-0.11484212,0.038531795,0.03149862
970,0.0027529038,-0.024704486,0.04408981,0.03920711
971,-0.06258428,-0.018783413,0.20451008,0.17057233
972,0.007513378,-0.008902073,0.030034393,0.027207399
973,0.37764332,0.124932125,0.05254117,0.043119613
974,0.02582138,-0.19031855,0.18865103,0.16562085
975,-0.02742802,-0.024518952,0.04448863,0.03940204
976,0.03528217,0.048514538,0.029407887,0.024503369
977,-0.08800563,-0.01702755,0.046666496,0.0343341
978,-0.3312867,-0.17289615,0.06073907,0.04598108
979,0.084684536,0.0027377084,0.06576544,0.052112114
980,0.8129203,-0.055700377,0.044256564,0.032131787
981,0.08166109,-0.12973335,0.07971189,0.07046991
982,0.0969747,-0.17871565,0.03221495,0.02889433
983,-0.036750473,0.025628619,0.046827473,0.038435455
984,0.073451534,-0.08441903,0.33466315,0.24978486
985,0.04811008,0.019824542,0.025846574,0.021866953
986,-0.16890097,0.21513411,0.12168725,0.103405185
987,0.08309466,-0.038165048,0.04260673,0.031208491
988,-0.46360576,0.16996858,0.049283423,0.04086698
989,-0.008954862,0.0016470253,0.038090546,0.03094662
990,-0.041040406,0.18423417,0.04913725,0.04718833
991,-0.0479005,0.11667256,0.09216996,0.08433971
992,-0.041595608,0.02345758,0.07412123,0.08251605
993,0.009965271,0.030026853,0.04257246,0.034092993
994,-0.29696342,0.45185193,0.04157303,0.037751824
995,0.08024344,0.12378085,0.0466335,0.039299794
996,-0.33726275,-0.36085933,0.03297582,0.032742895
997,-0.0006865151,-0.014332496,0.07121406,0.05532341
998,0.005878359,-0.0068543777,0.02743288,0.022935318
999,-0.030305674,-0.0035710633,0.21346326,0.1625962
