,e1_res_mean,e2_res_mean,e1_res_std,e2_res_std,e1_input,e2_input
0,,,,,-0.19398495122508477,-0.6522742643945904
1,,,,,-0.059128624905946704,0.14032947848690508
2,,,,,0.48657878559783035,0.21229084655916786
3,,,,,0.33367451927054065,0.5316336345154755
4,,,,,0.010735566403984936,-0.009122904172221396
5,,,,,0.01205251631145268,-0.12952202756331932
6,,,,,0.16026977848317134,-0.08515772875872393
7,,,,,-0.22287576124947678,0.0429681950254577
8,,,,,-0.016474300042647126,-0.09210534954328767
9,,,,,-0.21409297490728416,0.2612729796324253
10,,,,,0.3381981257126254,-0.7407845735768496
11,,,,,-0.0454157435755677,-0.00893228076971114
12,,,,,-0.1660926998484303,-0.22941068765727635
13,,,,,-0.1151109958393064,0.16581389231356378
14,,,,,0.022871362646078364,-0.20370081530660655
15,,,,,0.005068332397240529,0.03407684004492664
16,,,,,-0.04242261776058352,-0.03604598124295677
17,,,,,0.13128443774854975,0.04092891944086169
18,,,,,0.018528799526074283,-0.0017753513542543846
19,,,,,-0.5867294313360186,0.21690520798276733
20,,,,,-0.1388540743501199,-0.17256386686766478
21,,,,,0.2083574964495393,-0.2624536448506692
22,,,,,0.09009414236302504,-0.05823133960838734
23,,,,,0.13776516989393828,0.3196112581361168
24,,,,,-0.06327406550937582,-0.047165083774125954
25,,,,,0.050317706095435046,0.008473566112729081
26,,,,,0.13776516989393828,0.3196112581361168
27,,,,,0.16089754849280347,-0.03681332438380293
28,,,,,0.03512278104023765,-0.22106317573429118
29,,,,,-0.1828161365290007,0.039512802817050205
30,,,,,-0.026335638046065812,0.032998981457348066
31,,,,,0.056404788505658096,-0.028089541868605582
32,,,,,-0.05677251536912779,-0.2556079170009189
33,,,,,0.31838645630984364,-0.11443098917196723
34,,,,,-0.14272731395296034,0.14012801269114736
35,,,,,0.25421533130865465,-0.08156665367888392
36,,,,,0.24616428675993443,0.3819549650426194
37,,,,,-0.011428224040339796,0.575313817256019
38,,,,,-0.5733489855436549,-0.015724263141960668
39,,,,,-0.1217223062511441,0.05304137895690413
40,,,,,-0.11271577665274847,-0.5789001855980144
41,,,,,0.028625980960007555,-0.01832610251210222
42,,,,,-0.03194456131720981,0.2743290851135689
43,,,,,0.2095030912272126,0.09240654786163176
44,,,,,0.07189480595589176,0.025940405564714417
45,,,,,0.024859301811791475,-0.02588636678844717
46,,,,,0.16621682157551404,-0.054045355686142216
47,,,,,-0.07244184888567373,-0.2086618163479693
48,,,,,-0.18447456291573927,-0.05696821747931389
49,,,,,-0.03982667367043585,-0.41100318489805127
50,,,,,0.19422010062025488,-0.1482327786576026
51,,,,,0.009956801653407244,-0.03943254463024618
52,,,,,0.10232571489590545,-0.2937940038479965
53,,,,,-0.18193046163380433,-0.10705300421308196
54,,,,,0.021043325106441513,-0.21524876370791723
55,,,,,0.13509508724307537,-0.5571302241269764
56,,,,,-0.12185982889978902,-0.0006494210926347787
57,,,,,-1.0716123594589577e-05,0.04688751366388753
58,,,,,-0.04496943935856809,0.02710419713346894
59,,,,,-0.04099203342834515,-0.054122304221428365
60,,,,,0.44464046605137786,-0.47849587826593043
61,,,,,-0.13234347589976753,0.01752159703376007
62,,,,,0.04295815311795337,0.2218767625140106
63,,,,,-0.016060343362876598,-0.024170651614186772
64,,,,,-0.3532040136456569,-0.6804268621221017
65,,,,,-0.227503558421443,0.2962763761169005
66,,,,,0.025995451604840174,-0.18649004197413288
67,,,,,0.03730533287389591,-0.11015693129913598
68,,,,,0.02306470842641322,0.023894324774257042
69,,,,,0.15641776201437715,-0.3261977087062
70,,,,,0.014576921695952254,0.10355712134539816
71,,,,,0.2891764583088947,-0.18248753281391397
72,,,,,-0.3453173012673598,0.5072199441482784
73,,,,,0.663498539070839,-0.15119074647773229
74,,,,,-0.09514697679580665,-0.02873864330850515
75,,,,,0.3818608933145669,-0.4492313367348697
76,,,,,-0.07558378813699254,-0.02474455886588498
77,,,,,-0.5793252869640556,0.39743653753705827
78,,,,,0.015689288632023846,-0.25884166477646203
79,,,,,-0.5837581805951112,0.145730545030541
80,,,,,-0.3149970005048333,-0.12128026405402932
81,,,,,0.049617771871779175,0.06603673490005407
82,,,,,-0.020586453751038493,-0.065852828190022
83,,,,,-0.03764602485190596,-0.06335359806142835
84,,,,,-0.013709198722723486,0.03005009011205353
85,,,,,0.12898056679079312,-0.03933737283108175
86,,,,,-0.08116634070963155,-0.04213780135451673
87,,,,,-0.028130108240005572,-0.0002712209803367114
88,,,,,-0.18319310743168124,0.15600221016166316
89,,,,,-0.03843327579402142,0.1623686523708277
90,,,,,0.17068838746696013,-0.12523703197564096
91,,,,,0.2565129005381268,0.3195082735450285
92,,,,,0.21557786518016323,0.7671634358042634
93,,,,,0.005692843558586068,0.10841069087400196
94,,,,,-0.07936188212613075,-0.060401616778571324
95,,,,,-0.39531441513245097,0.2681065506750803
96,,,,,-0.28087178028043364,0.3047755499265934
97,,,,,0.22408419690831957,-0.4356123560940933
98,,,,,-0.04973890074770414,-0.03710658103386068
99,,,,,0.02018260174163625,0.5498337388522688
100,,,,,-0.3450775088289877,0.47532593436852394
101,,,,,-0.07013914773277034,-0.005291796802700579
102,,,,,0.30740131889875333,0.09334304933154212
103,,,,,-0.017808367477876324,-0.01381161660408917
104,,,,,-0.029238931343528438,-0.42773396635645955
105,,,,,-0.7809944212485976,-0.16724176570500615
106,,,,,-0.015369450321044864,0.03285710114486572
107,,,,,0.025727538987290032,0.016089082369750797
108,,,,,-0.021071618597725432,-0.021023285795790124
109,,,,,-0.058433295038926344,-0.06195284034658965
110,,,,,0.0005923773152459199,0.06273607963076637
111,,,,,0.09420905852842078,0.0932425623284715
112,,,,,0.011097889357310061,0.0034928395116813667
113,,,,,0.44420575075809,-0.30992019399231313
114,,,,,0.12718380962550485,-0.061395687280845296
115,,,,,0.27829367846018904,0.15171025271268462
116,,,,,-0.5330549563401518,-0.30377145758039703
117,,,,,0.72214582109361,0.09416282489811421
118,,,,,0.05874478551988703,0.3744196667118699
119,,,,,-0.009719497993695161,0.046546416229707226
120,,,,,-0.058551994104721894,-0.1856533089480034
121,,,,,0.019640853435219385,-0.03845235843989586
122,,,,,-0.30414796086935164,0.4671466063249448
123,,,,,-0.047571831217840865,-0.14047497716995722
124,,,,,0.009685039146560302,0.25502427543250383
125,,,,,-0.008985823796586372,0.003554481488893424
126,,,,,-0.02634956366002313,0.0030913076310067926
127,,,,,0.335020936730282,0.15445155337686844
128,,,,,-0.03830897243286846,0.013573019147123597
129,,,,,0.03829851849793905,-0.03425303256731635
130,,,,,-0.03268568152185978,0.1740218806584183
131,,,,,0.12628424757027076,0.21533019840041204
132,,,,,0.023364752925900817,0.0025934864272796378
133,,,,,-0.04125298173372405,0.04631124585564417
134,,,,,-0.0021115641319560566,-0.07489750830553403
135,,,,,-0.0066813855770423486,0.04412578239688903
136,,,,,0.048375828523202026,-0.6024436606416994
137,,,,,0.3960963035564471,0.13380284889872504
138,,,,,-0.0672351285919845,0.022960180805107245
139,,,,,-0.14021218392148885,-0.0004039233012684391
140,,,,,-0.023455827291135736,-0.3110721541475768
141,,,,,0.12496533339571428,-0.05545535641362187
142,,,,,0.09634294359498288,0.49711199842795273
143,,,,,-0.09675466686044605,-0.03433091905916425
144,,,,,0.01880662219872611,0.03461769624641288
145,,,,,-0.31140463962196496,-0.5485939889310837
146,,,,,-0.20419662310913145,0.33232615492449297
147,,,,,-0.23402195281608973,0.2805610786613572
148,,,,,0.03852818606339005,-0.14933951047925756
149,,,,,0.13351535607345102,0.14085490739968987
150,,,,,0.501357289234449,0.07663332372650745
151,,,,,0.22588990118772317,-0.044474058214838734
152,,,,,0.02455970473885235,0.131703957714824
153,,,,,-0.04426839075635628,-0.17806105468217268
154,,,,,0.17592325545393225,-0.053228137937184374
155,,,,,-0.02093294558466184,-0.1386760347459161
156,,,,,0.02648160631502063,-0.026819077499657114
157,,,,,0.3395133397552683,-0.145465162962834
158,,,,,0.01208005749475022,-0.0007673128196233579
159,,,,,0.03820995218928689,0.07468892515623021
160,,,,,0.012293639521631953,0.08442697570353172
161,,,,,-0.3969777682763004,0.1684722459161652
162,,,,,-0.05396534479495333,-0.6547238215399923
163,,,,,0.3248877028667941,-0.0746441265079535
164,,,,,0.014789435503910726,-0.004636406011978987
165,,,,,-0.5843459381559959,0.3185483595595823
166,,,,,0.07317150008472895,-0.005852414470513788
167,,,,,-0.09611428108671151,-0.021751961992119262
168,,,,,0.15811453208260026,-0.10541535915118509
169,,,,,-0.7799745372560016,0.09973753078052813
170,,,,,0.6905179864322882,0.13514499048782025
171,,,,,-0.1038974937971774,-0.16399579986018542
172,,,,,0.5007967747938495,-0.021954954787830626
173,,,,,0.13548166563394226,-0.03895576058102212
174,,,,,-6.278268476017541e-05,-0.06183375789467003
175,,,,,0.08112613314811382,0.06693334857997445
176,,,,,0.01988347958688954,0.03994235750979854
177,,,,,0.14243850938186514,0.09261031095369944
178,,,,,0.005522146622181015,-0.009208214908043326
179,,,,,0.10292799503502087,0.0439733111563632
180,,,,,-0.015454439833725398,-0.008461546698470442
181,,,,,0.5770045233729572,-0.5540997444525124
182,,,,,0.0540316125168427,-0.3091701295491389
183,,,,,-0.49655883515392907,0.6514239369321237
184,,,,,-0.0706839633417702,0.0399331205232704
185,,,,,0.02430293731428838,-0.013942437428117337
186,,,,,0.037364918795842486,0.01618622720117647
187,,,,,0.16304077107990927,0.23327905946989574
188,,,,,-0.15959615665264598,0.15873996306667032
189,,,,,0.04386453254481412,0.6945326875575334
190,,,,,0.11562733871924422,0.0732402032261561
191,,,,,-0.001997863419445943,-0.001438659349614103
192,,,,,0.006827335721812076,-0.04272371163856402
193,,,,,0.01937685354152219,-0.00665427619125062
194,,,,,-0.03904732242405759,0.02063657878174088
195,,,,,0.30622544877634233,-0.02682040219689979
196,,,,,0.6219383408353146,-0.15153026579304818
197,,,,,0.5258119887661769,0.35061629770947783
198,,,,,-0.246621444597004,0.33079981667310215
199,,,,,0.040370342283775174,0.0618985098011898
200,,,,,-0.013073765566284735,-0.03497026529757616
201,,,,,0.37789310641662427,-0.4131356564787304
202,,,,,-0.32947675987747255,0.15527783338187912
203,,,,,0.001202727059211829,0.0044284104777782335
204,,,,,0.19639032895962333,0.6912552441511568
205,,,,,0.008443020653893598,-0.3560713195766866
206,,,,,0.2443410519661597,0.11325687337119208
207,,,,,-0.18496096919949254,-0.02784297329277998
208,,,,,0.12512337308688215,0.3427915165446792
209,,,,,-0.18135994300768335,0.06792329641873653
210,,,,,0.0044609245511409885,0.011133702556346279
211,,,,,-0.3882351283849024,-0.1743828485263621
212,,,,,0.16319015482224827,-0.13214623386922927
213,,,,,0.08255737518932026,-0.08450970543754892
214,,,,,0.06144146975408965,-0.22127761450029584
215,,,,,0.014576921695952254,0.10355712134539816
216,,,,,0.12401567571292575,-0.04777830797803308
217,,,,,0.03704703125044264,-0.018748012926546685
218,,,,,-0.135118277949323,-0.05940092428601325
219,,,,,0.16050208129248872,-0.12586162217220695
220,,,,,-0.009095848483597338,0.05394381959410277
221,,,,,-0.01607178887801063,0.005302727811828297
222,,,,,-0.10333354147242474,-0.12231776033221041
223,,,,,-0.20221127546433054,-0.6808176020741311
224,,,,,0.09637499629910425,-0.4815554300910608
225,,,,,0.07188079203172641,0.16186831738588464
226,,,,,-0.08456002813856177,0.015333231734511094
227,,,,,-0.23741401841924573,0.18143556590734294
228,,,,,0.12143557289136371,-0.4982043306929209
229,,,,,0.04626510790857867,0.15899979743109105
230,,,,,0.04619723785582994,-0.5439095893590996
231,,,,,0.02305250905906043,-0.024074013377649344
232,,,,,0.03603982747665831,0.06000349167018935
233,,,,,-0.39801270834626473,0.04169958535095189
234,,,,,0.21721082015442572,0.2939012478350042
235,,,,,0.012757336703071344,0.015304492663250957
236,,,,,-0.5221308613137574,-0.2937617435080898
237,,,,,-0.6915920161119783,-0.5347049925358184
238,,,,,-0.020100558360743332,0.013773583926399905
239,,,,,-0.004731082242965283,0.09111357421278703
240,,,,,0.13023372790372278,0.03460354820671179
241,,,,,0.11717903755441202,-0.358067497807771
242,,,,,0.04978263424927867,-0.2415660908974588
243,,,,,-0.008869524211641545,0.007746559261603223
244,,,,,0.05740690881907539,0.053798918406875416
245,,,,,0.0023464896326522056,-0.09923159748700486
246,,,,,-0.04142863372231168,-0.10747865810147635
247,,,,,-0.21598264712889167,0.6699620440170806
248,,,,,0.043515758335496216,-0.09604917860215426
249,,,,,0.11463150360650581,0.08383586005570931
250,,,,,-0.05648137020839549,0.20953133830614304
251,,,,,0.3826422935612065,0.08697480100417408
252,,,,,0.13041978678273183,-0.10096882867020082
253,,,,,-0.16117291869277786,-0.09009307435879962
254,,,,,-0.0877548264090429,-0.03883151702159822
255,,,,,0.45001477199216566,-0.3100575980190998
256,,,,,-0.017834753212004055,-0.015081534687322925
257,,,,,0.22686334344190467,-0.2352986918642369
258,,,,,-0.09928052515577115,0.20934202545461986
259,,,,,-0.008453600503433035,0.3556020315365015
260,,,,,-0.02753079830256154,-0.01073463043480267
261,,,,,0.011384576944971952,0.4834837176667984
262,,,,,0.4561446729724493,-0.276002569946853
263,,,,,0.23438330354229572,0.3641646609249078
264,,,,,-0.44080023837631715,0.049693138685961195
265,,,,,0.31620242564687184,-0.478881859330708
266,,,,,0.37372942461116687,-0.48405538656084196
267,,,,,-0.004515781012734223,0.04368355021682984
268,,,,,0.35550489314405703,-0.47832779878259296
269,,,,,0.13148699332741795,-0.050447592984780604
270,,,,,-0.02716704162042591,0.008306015341380738
271,,,,,0.0896665094954212,-0.22501861199123296
272,,,,,0.025624329976739867,-0.43339399728278233
273,,,,,-0.03764602485190596,-0.06335359806142835
274,,,,,-0.21894843703668812,0.24001525416881822
275,,,,,-0.7861982236035099,0.1670837956112879
276,,,,,-0.020515534702623267,-0.04714654224550473
277,,,,,-0.30936762193487616,0.24664953416866944
278,,,,,0.004628320952820384,0.10995693607769365
279,,,,,-0.028212928630050312,0.022168010246342705
280,,,,,-0.10403906059482372,-0.21206111887529436
281,,,,,-0.041841997364203035,-0.033445813906257275
282,,,,,-0.2114064874578237,0.026719203715011415
283,,,,,-0.027598980417420035,-0.011929669220622155
284,,,,,-0.24169443756575135,0.1474274054949417
285,,,,,0.10146843206841513,0.054775628501352
286,,,,,0.06754379635882551,-0.016708734596406344
287,,,,,0.07236280038677165,0.018242438838321058
288,,,,,0.08348871408273005,0.054913411101913424
289,,,,,-0.6862605436361658,-0.05834393755257661
290,,,,,0.06887500078767926,-0.42454843011952115
291,,,,,0.019906893298595595,0.0072933794688963376
292,,,,,0.37782804817034865,0.46972016539295375
293,,,,,-0.012286459234773209,-0.010973056385329114
294,,,,,-0.02690531014365483,-0.007755152899787688
295,,,,,0.23314877793929037,-0.04956524564107555
296,,,,,0.15137815828543713,-0.2095258356920898
297,,,,,0.3282383966241853,0.32103848419318615
298,,,,,-0.09973082894905241,-0.20225263962102707
299,,,,,-0.024023257448017712,0.028966091350623512
300,,,,,0.03494711488243278,-0.144948460966383
301,,,,,-0.061188134254681344,-0.12043271436235173
302,,,,,0.0007573639461904084,0.0012196133504222236
303,,,,,-0.1018305995520661,0.09249055327764821
304,,,,,-0.08495830394343437,-0.2083540924827359
305,,,,,0.024977839409543616,0.012804474880617091
306,,,,,-0.0955214990512133,0.2922438530171737
307,,,,,0.05806503476372032,-0.029019318788314746
308,,,,,-0.08678422028730642,0.0786902124256409
309,,,,,0.44464046605137786,-0.47849587826593043
310,,,,,-0.0497339817333326,0.028457284954067342
311,,,,,0.06983191850900744,0.9240728677251293
312,,,,,0.2795729974692742,0.06400825837749491
313,,,,,-0.5441688229274192,0.10029097091437869
314,,,,,0.05740690881907539,0.053798918406875416
315,,,,,0.012809565521517248,0.1953168710394845
316,,,,,0.570451488821968,-0.3192413429655826
317,,,,,0.11542444122061256,-0.06115191416425199
318,,,,,0.23900773454304058,0.2787058883047905
319,,,,,0.02236121501980755,0.0073195410546693955
320,,,,,-0.0223365675789673,-0.05407517508454694
321,,,,,0.23454436829364386,-0.005928110275232953
322,,,,,-0.0185143445788959,0.0009625195114099558
323,,,,,0.10070269100986287,-0.31599494681453844
324,,,,,-0.06137075656017323,-0.007962422833597785
325,,,,,-0.006584882339323437,0.062486027077862466
326,,,,,0.5730826475022162,-0.23294049025412725
327,,,,,0.5191431882265407,-0.3736104589041946
328,,,,,-0.13748836241943513,0.8386700787173709
329,,,,,0.061686602497098446,-0.15115697026888963
330,,,,,0.06569927975179791,-0.2484353889813981
331,,,,,-0.01450551572446149,-0.18986936988006206
332,,,,,0.02556188515636691,0.0064990400575880595
333,,,,,0.1497979728028852,-0.04043893606871029
334,,,,,-0.4444119683847194,-0.37709999738528577
335,,,,,-0.10156605605921493,-0.1637317648885399
336,,,,,0.05445171891705597,-0.18458069276798802
337,,,,,-0.0890755958820211,-0.05561376841784232
338,,,,,0.3292371418466278,0.05322979962645005
339,,,,,0.2537189828218123,-0.2630084419170987
340,,,,,-0.6466721615752217,0.2795867935237989
341,,,,,-0.028903288073829327,-0.00399636130132182
342,,,,,0.5344053671315919,-0.22424619778586707
343,,,,,-0.06715300689576231,-0.1273625379878738
344,,,,,0.05164067546328123,-0.012372347162419896
345,,,,,-0.25214408558811235,-0.24324709189360233
346,,,,,-0.30327099644214106,0.5579771510745761
347,,,,,-0.07815536645301625,-0.025401846776315972
348,,,,,-0.0001884365522952587,0.02365666060004366
349,,,,,-0.013736694329877893,-0.13453353591788525
350,,,,,0.0789648050960144,0.047165438078287006
351,,,,,-0.014256924596110072,-0.03978742026054915
352,,,,,-0.021125877029519513,0.01129940854755852
353,,,,,-0.36852175725894576,0.06368670915794394
354,,,,,-0.03983426423336961,0.10213019818186594
355,,,,,0.20434973178143961,-0.5070823412480266
356,,,,,0.004665751571109156,0.011717104898885802
357,,,,,0.016628861905748697,-0.005033774699009838
358,,,,,-0.15610753054380272,0.15595531946789712
359,,,,,-0.05275600071366089,0.000888802375295923
360,,,,,-0.30927036942371916,-0.1338737114104287
361,,,,,0.023126403110362244,-0.00797428026889149
362,,,,,-0.023132471916148114,0.6594875265540181
363,,,,,0.5945428296213735,0.3271834225270278
364,,,,,0.4599769461397275,0.017914648227642195
365,,,,,0.18837025556700218,-0.14439687719968464
366,,,,,-0.14409240572644394,-0.03259915459353894
367,,,,,-0.01881615160412758,0.021044619982399433
368,,,,,-0.008998612434617127,0.042370592035029846
369,,,,,-0.18048068413011217,0.17774005052355288
370,,,,,0.611850914185619,-0.30993720168561334
371,,,,,-0.40813051286567553,0.22913153342318912
372,,,,,0.4287815158626855,-0.12420800283340934
373,,,,,0.17547100758549292,0.15638450145165242
374,,,,,-0.38652030482962435,0.33243770402413897
375,,,,,-0.013427354527757295,-0.09656152510566632
376,,,,,0.010210835815568033,8.302368398042234e-05
377,,,,,0.6417504919963922,0.5368904009764117
378,,,,,0.005343005978861634,-0.03070954253081159
379,,,,,-0.21549594352777424,-0.7683007313744378
380,,,,,0.1864545687244202,0.38134025925904774
381,,,,,0.030866456386389726,-0.013355593805551876
382,,,,,-0.473530424331448,-0.3420293371724526
383,,,,,0.026372428691862643,-0.0134590148436401
384,,,,,0.3667281938105154,0.16529186414793484
385,,,,,-0.030484449386554608,0.015225976315200795
386,,,,,0.09669032232106856,-0.005719940350200266
387,,,,,-0.015390300773687079,-0.008170035509056877
388,,,,,0.1487625654534287,0.18688249151896383
389,,,,,0.1805239227315638,-0.26558377830267876
390,,,,,0.03310499646464365,0.007380928178737263
391,,,,,0.35093286383084865,0.7618288375446526
392,,,,,0.13511158832326478,0.03212078911140912
393,,,,,0.6476939790799667,-0.27825603881064004
394,,,,,0.024560114348252126,-0.017173823921754296
395,,,,,-0.040568292130155136,-0.0636160694138065
396,,,,,-0.05590622540247901,-0.7489932422660169
397,,,,,-0.3753211906726738,-0.3370095863701469
398,,,,,0.17592325545393225,-0.053228137937184374
399,,,,,-0.14892953609063625,0.08961270909007182
400,,,,,0.15812702057107975,-0.49280736981778506
401,,,,,-0.23535172926772974,0.240905929595932
402,,,,,-0.3100309347617728,0.1638723483484034
403,,,,,0.011865710299288226,-0.01118774894708912
404,,,,,-0.009278486961522925,-0.001909277555749694
405,,,,,0.014382014816228259,0.20809464280043172
406,,,,,0.03746428003448267,0.062365896626736715
407,,,,,-0.02372427743788573,0.01424252386047507
408,,,,,0.018950604742563028,-0.20696913990725732
409,,,,,-0.3687927075550731,0.22989446813037495
410,,,,,0.08541153087201452,-0.05445795927738763
411,,,,,0.31838645630984364,-0.11443098917196723
412,,,,,0.6713297875581583,-0.36908032649621636
413,,,,,0.05760443072535856,0.3984029401218201
414,,,,,0.28648568982886674,-0.6977446496411867
415,,,,,-0.12784595432997167,0.03999435852029267
416,,,,,0.018255767339246224,-0.010120386083152421
417,,,,,-0.0036193934439724715,-0.06248516710418766
418,,,,,0.031056179340685146,-0.19544410262130366
419,,,,,-0.015954908376808775,0.014381950098200752
420,,,,,0.295609415543975,0.09022930626037741
421,,,,,0.22357975893019616,0.08228351254088997
422,,,,,-0.014956364090426062,-0.03036203949131733
423,,,,,-0.11835805734458502,0.283404242111385
424,,,,,0.13559702436049365,0.29738819765428565
425,,,,,-0.5387015199603756,-0.14118768365625378
426,,,,,-0.04625335349425896,0.03878976293970471
427,,,,,-0.0798084172993312,-0.2379006453087466
428,,,,,0.24185512156486189,0.07313614388795112
429,,,,,-0.01788659718462836,-0.05210694110692635
430,,,,,-0.5575271668380984,-0.38710121310595963
431,,,,,-0.00033266914959322974,0.0021596406608044173
432,,,,,0.17384826757424054,-0.09111079507699746
433,,,,,-0.01384406977170864,-0.05145592297073574
434,,,,,0.1522790078890239,0.06372908554824494
435,,,,,-0.3414728979461512,-0.10862362358611491
436,,,,,0.004665751571109156,0.011717104898885802
437,,,,,0.33637377048963285,0.432724791686219
438,,,,,0.05918018108482166,-0.05190586893237224
439,,,,,0.15492857332001933,-0.2922547811534144
440,,,,,0.2471972196941648,0.4472659434809848
441,,,,,-0.11947926936620379,-0.05005343155873614
442,,,,,0.3705286843445309,-0.7690533567612237
443,,,,,-0.008829165928997275,-0.062025347576272746
444,,,,,0.12400244357815829,-0.07149932739221818
445,,,,,-0.11212761746259013,-0.3904975717541427
446,,,,,0.04733207849405379,0.16749233804453337
447,,,,,0.2453013587512604,-0.06413818929416612
448,,,,,-0.1660926998484303,-0.22941068765727635
449,,,,,-0.050463912489220726,-0.04329221232062133
450,,,,,-0.13040620454979024,-0.3794990822916227
451,,,,,-0.3074506310456475,-0.014775992249908327
452,,,,,-0.1263816860894362,0.6319045794237381
453,,,,,-0.5441688229274192,0.10029097091437869
454,,,,,-0.7315719513469017,0.40543258255134235
455,,,,,0.025995451604840174,-0.18649004197413288
456,,,,,0.45490939617447623,0.04527542606135081
457,,,,,0.029382275863820285,-0.05694539550299638
458,,,,,-0.4453128913536429,-0.10856826941489735
459,,,,,-0.26132817327809954,-0.6612548680949185
460,,,,,0.06395650534295444,0.4010602634583806
461,,,,,0.02763760867259193,-0.3759574357421006
462,,,,,2.3833099482315916e-05,0.14003186935734752
463,,,,,0.08484126031325952,0.5053672754957722
464,,,,,-0.3857341291765429,0.4396962517031298
465,,,,,0.6457918087425739,0.42625958134354563
466,,,,,0.08531389127120721,0.47132460901006945
467,,,,,0.07489667707420959,0.2737699625593339
468,,,,,-0.05077468335166408,-0.05179812567909593
469,,,,,-0.01152357561348216,-0.027101771377392263
470,,,,,0.009267870724232432,-0.003410483058993684
471,,,,,-0.014879840475690445,-0.07939608968635699
472,,,,,0.20865359751392382,0.08463500238293732
473,,,,,-0.0404821757797704,-0.019966425881110327
474,,,,,-0.07815536645301625,-0.025401846776315972
475,,,,,0.0338967425516428,-0.11859657719359684
476,,,,,-0.1730731189805698,0.12225319235142043
477,,,,,0.41017258712405047,-0.11506308203960493
478,,,,,0.029382275863820285,-0.05694539550299638
479,,,,,0.0738468080853191,0.12692878224524454
480,,,,,-0.05880909867224478,0.23988432090357195
481,,,,,-0.03484983983993633,0.01715470644037354
482,,,,,0.26589719058215544,0.27744077780504994
483,,,,,0.18024013527491484,0.18514333646879935
484,,,,,0.07567151449624308,-0.025150744155511353
485,,,,,-0.008125984523726879,0.0025623738348975627
486,,,,,-0.04105521524908026,-0.03723389212181155
487,,,,,-0.11714594947553096,0.04070260358643132
488,,,,,-0.5815775812948041,0.14219006224073982
489,,,,,-0.301784865078098,-0.0628915608410744
490,,,,,0.03235272168074583,-0.00816808006074677
491,,,,,0.28349378477040194,-0.16250419971764185
492,,,,,-0.08118004853625296,-0.029763188681530498
493,,,,,-0.246621444597004,0.33079981667310215
494,,,,,0.01108364074216822,-0.05062140362181458
495,,,,,-0.11725080533803763,-0.32980027909741627
496,,,,,0.44464046605137786,-0.47849587826593043
497,,,,,0.0637432422413637,-0.010629900608256772
498,,,,,0.003703096408894005,-0.01651790259364689
499,,,,,0.13023050055637533,-0.018561951374748323
500,,,,,0.08831010037297266,0.1687094533012945
501,,,,,0.1727975605604036,0.018705613708791657
502,,,,,0.22269151462647419,0.27729260422026986
503,,,,,-0.3687927075550731,0.22989446813037495
504,,,,,0.07686689939158664,0.13980101610811077
505,,,,,0.1381429284491069,0.6892680218954352
506,,,,,-0.04602088544854659,-0.017389426438138372
507,,,,,0.06012742654017045,0.02772420473237613
508,,,,,-0.5157202922924611,0.35376449653935754
509,,,,,-0.11179618428885882,0.5094463122295423
510,,,,,0.3601034162432133,0.036085575412469754
511,,,,,-0.0027925953445513897,0.0041097875321549435
512,,,,,-0.050036302776177564,-0.1823612066161976
513,,,,,-0.08247542056559648,-0.4171398834841516
514,,,,,-0.026991471515694913,-0.07554060289847007
515,,,,,0.1433348040720635,0.0769102707460363
516,,,,,-0.18193046163380433,-0.10705300421308196
517,,,,,-0.07393965063972996,-0.7119242429241425
518,,,,,-0.21949943111563996,-0.1584958228155269
519,,,,,-0.0263848531032494,0.0069290985783741115
520,,,,,0.2881724705231164,-0.5845182973350226
521,,,,,0.06284649458423032,0.10501614331054604
522,,,,,0.06459155056376599,-0.028084195931394152
523,,,,,-0.008875000872248845,-0.01000847967470609
524,,,,,-0.18154092840870567,0.17366072406782393
525,,,,,0.03235272168074583,-0.00816808006074677
526,,,,,0.05316404563453399,0.6558815009341911
527,,,,,0.6651476569644668,0.2884882923497128
528,,,,,-0.44971067585801605,0.02811460895791129
529,,,,,-0.2758708641414428,-0.105143219636324
530,,,,,-0.042301238248804454,0.19006166657121534
531,,,,,0.00919262474271093,0.03473604700716373
532,,,,,-0.06997490475845058,-0.281595250895795
533,,,,,-0.031249607589998053,-0.046923845976306784
534,,,,,0.2656797685712836,0.1330429748241397
535,,,,,0.6513431821257171,0.4758432982441743
536,,,,,-0.034419682490901105,-0.3580828824513195
537,,,,,0.16694339159198998,-0.24755106951575578
538,,,,,-0.024542968004606952,-0.2852160743499986
539,,,,,-0.3427676706481041,-0.4502701489844239
540,,,,,0.03647103819143311,-0.0037815836952351913
541,,,,,-0.10558236562637162,-0.036864870527432606
542,,,,,-0.03652268088510668,0.1277998218740781
543,,,,,0.4109848018327797,-0.5616444324047556
544,,,,,0.03965813929246271,-0.09677603351078976
545,,,,,0.36581514017516426,-0.47089769429773654
546,,,,,0.2704923005388405,0.26769744579072297
547,,,,,0.16793739456170187,-0.18515856639273404
548,,,,,-0.025030014815078265,0.06978941950796604
549,,,,,-0.07488882566535976,0.04149372462597799
550,,,,,-0.3474509661353538,0.7547049217393634
551,,,,,0.01828475881873727,0.04009145647629328
552,,,,,0.010185334698347027,0.035925372597598364
553,,,,,0.11445797098183026,0.3374005337005978
554,,,,,0.04295815311795337,0.2218767625140106
555,,,,,0.27944708580369004,0.04292694951150331
556,,,,,0.03924458482446868,-0.1810868265859107
557,,,,,0.1445322954483972,0.5681841039686827
558,,,,,-0.3964693846088051,0.7373822937978679
559,,,,,-0.023132471916148114,0.6594875265540181
560,,,,,0.06702156017553736,0.36061269360386816
561,,,,,0.03178389071704762,-0.08811116981563905
562,,,,,-0.2643460742190543,0.08792599458380262
563,,,,,0.5537188139488768,0.13010052102673175
564,,,,,0.03262085201568821,0.16731757869281286
565,,,,,-0.014879840475690445,-0.07939608968635699
566,,,,,0.2689510734277508,-0.1005685303882003
567,,,,,0.01919993550317013,0.01801475978873155
568,,,,,0.28642438710082146,-0.18942508921243717
569,,,,,-0.023421685338602293,-0.14573090655152243
570,,,,,-0.004351135713658022,-0.00015495598477788242
571,,,,,0.4662973547261825,0.40614600714859195
572,,,,,-0.07244184888567373,-0.2086618163479693
573,,,,,-0.04147465475327147,0.09258263814618876
574,,,,,-0.02894731451553533,-0.031461898175785964
575,,,,,-0.19244879213491067,-0.450424541483623
576,,,,,0.3997462801292382,0.2019004182466015
577,,,,,-0.3374327403627783,0.2804344739124908
578,,,,,-0.13657072061930914,0.17782687848034562
579,,,,,0.14715610788819924,0.051329173431274584
580,,,,,-0.8519681378528746,0.41145424827256133
581,,,,,-0.09973082894905241,-0.20225263962102707
582,,,,,-0.12907926953366833,-0.1586270741153323
583,,,,,-0.02901277948956936,-0.38300581295295677
584,,,,,-0.6512607608828445,0.29846601593815814
585,,,,,0.0014906594419295187,0.19709192812536375
586,,,,,-0.09717715052571553,-0.19390541894628288
587,,,,,0.012037053114950966,0.031336425978663034
588,,,,,0.017122559949990856,0.0683683197042473
589,,,,,0.0020481052239188177,-0.04190931316763328
590,,,,,-0.008166670122007502,-0.012094873925662834
591,,,,,-0.5743090671731956,-0.3925180104725518
592,,,,,-0.37768817648409914,-0.5818516778756534
593,,,,,-0.06872985004768413,-0.10922446824378006
594,,,,,0.24181212514943104,-0.12023167427138094
595,,,,,-0.3144616944804072,0.04741123353719065
596,,,,,-0.4837701841677186,0.501495399318679
597,,,,,0.041314795783709904,-0.28473882599857425
598,,,,,0.07364830979278583,-0.06516779626610028
599,,,,,-0.0005164138575437738,-0.0021967174687483287
600,,,,,-0.7360659619703368,-0.09503245392097528
601,,,,,-0.045339236816070785,-0.21552272292979416
602,,,,,0.007925596392168343,-0.08897359524176235
603,,,,,-0.030370852789624835,0.05291305691025283
604,,,,,0.004628841641615994,0.006978623960157415
605,,,,,-0.04254044515824177,0.23992152954998158
606,,,,,0.009566549159330508,-0.16378816865813264
607,,,,,0.05078239630167779,0.10933394306461568
608,,,,,-0.011984130252207393,0.011555875898068455
609,,,,,0.038078150293169334,0.04876951720999769
610,,,,,0.12889547593778464,0.34042454693403185
611,,,,,0.052735610836577594,-0.07683939150981185
612,,,,,0.001787820879531567,-0.18161463642664913
613,,,,,0.08081528519679763,-0.055309321003950404
614,,,,,0.022827873569173786,0.17305576058407454
615,,,,,0.03494711488243278,-0.144948460966383
616,,,,,0.07962753546949225,-0.07295739608496307
617,,,,,0.16793739456170187,-0.18515856639273404
618,,,,,0.013286082057883557,-0.008884305724095447
619,,,,,0.02909107610902138,-0.008656885186105455
620,,,,,-0.042399949569634256,-0.3468619222083867
621,,,,,-0.053167914886361516,-0.24294372868859812
622,,,,,-0.1388540743501199,-0.17256386686766478
623,,,,,0.0044609245511409885,0.011133702556346279
624,,,,,-0.26447285170671125,0.07807594086936973
625,,,,,0.03086521605912363,-0.06979122137691365
626,,,,,-0.3474509661353538,0.7547049217393634
627,,,,,0.5953421552466036,0.26365564607228925
628,,,,,-0.606311044487592,-0.7507523365178135
629,,,,,0.36371296995017904,-0.17617033251381534
630,,,,,0.05126623744547584,-0.08036358007536293
631,,,,,-0.05000682319984342,-0.030173758709119276
632,,,,,-0.045655054963382964,0.004639421688772006
633,,,,,-0.006457060168851527,-0.18289209156949554
634,,,,,0.03981600829231221,-0.09409237346804372
635,,,,,-0.19546881548649941,-0.11785576076524337
636,,,,,-0.03385960870147978,-0.01325869250501998
637,,,,,0.5537188139488768,0.13010052102673175
638,,,,,-0.028520185089768564,0.1595098621282235
639,,,,,-0.2074971344158268,-0.03597194732807675
640,,,,,0.0317998934056694,-0.022209494701785876
641,,,,,0.0189497386071697,0.270907509178014
642,,,,,0.14450743448368353,0.12400156110172886
643,,,,,-0.0054029915557043595,-0.041960879875619875
644,,,,,-0.7119690653918725,-0.26221087638956797
645,,,,,0.2955510942948185,-0.0014105025167310875
646,,,,,0.07681155555796619,-0.08152648149245996
647,,,,,0.22262155407928436,0.3251060542118671
648,,,,,0.16249344896940793,0.20943821984993272
649,,,,,-0.020273934734366828,0.17039395500880822
650,,,,,-0.10404704628393469,0.8238212472752471
651,,,,,0.025608973861627107,0.04322917698744013
652,,,,,0.01392095146844984,0.005544331702308915
653,,,,,-0.0050466353747611725,0.011830029917102872
654,,,,,-0.015747513891302065,0.015536349097489709
655,,,,,0.023373693231972824,-0.05176372110092317
656,,,,,-0.014429071735543792,-0.008309330997743348
657,,,,,-0.02294995933514142,0.06822793949074996
658,,,,,0.2720861547119091,0.23400952610270448
659,,,,,-0.024542968004606952,-0.2852160743499986
660,,,,,-0.019731141628469406,0.06246887812986007
661,,,,,-0.09770396394232658,0.030063919086020505
662,,,,,-0.43527749184476117,0.16969773783862233
663,,,,,-0.027497864740786162,-0.06392499474223234
664,,,,,0.018238164007523143,-0.044266227254516385
665,,,,,0.012881480336873743,0.009472974785899866
666,,,,,0.2163176784291584,0.13695136426553162
667,,,,,-0.2728566816006619,-0.09325100484287312
668,,,,,0.19041725957224945,-0.0846088867470388
669,,,,,0.03734092351322341,-0.011465628052647822
670,,,,,-0.7006173523034278,-0.22472090615451418
671,,,,,0.04962141304058448,0.007705322530605965
672,,,,,0.20967883718620772,-0.13218750942989782
673,,,,,0.05669557278378278,0.019332973522826914
674,,,,,-0.6200449066079867,0.531576946213026
675,,,,,0.053129963529691314,-0.00018587860494525516
676,,,,,-0.0007696041895137296,-0.001607096578681906
677,,,,,0.04074924166211247,-0.03582493339637364
678,,,,,0.010566583459722398,0.18013165871929293
679,,,,,0.3129580515203851,-0.12176276951792503
680,,,,,-0.21289263059083413,-0.003977310854100953
681,,,,,-0.46309582635898106,-0.061215508599504136
682,,,,,0.08192667832687056,-0.24822608067877272
683,,,,,-0.028262273564696728,0.02318243436095582
684,,,,,0.2800909291995253,-0.6977993146364999
685,,,,,0.09670617741908784,-0.37280937666370473
686,,,,,-0.05406853051448567,0.016642832809409404
687,,,,,0.1620852204906553,0.03825050721714491
688,,,,,0.006554484472997854,-0.008719803050240338
689,,,,,0.7651952515412758,0.281032673832696
690,,,,,-0.09254582417744257,-0.36133444686275695
691,,,,,-0.2426276325198356,0.35942048010487293
692,,,,,0.15019871422647776,-0.19440841302604225
693,,,,,-0.03623166495064276,0.06661564084607235
694,,,,,0.0008260959885461933,0.01514200165176463
695,,,,,0.05379368310969574,0.13648040115461588
696,,,,,0.01994769498845045,0.13657516830166186
697,,,,,0.3778790952359664,-0.3487318919127961
698,,,,,0.1815935072583152,0.04143828950874424
699,,,,,0.15034277634305243,-0.22223872482719856
700,,,,,0.08665531000239429,-0.2340026424413759
701,,,,,-0.2335160668849556,-0.06957315319027328
702,,,,,-0.0107261451676357,0.001967536670900215
703,,,,,-0.03799241218268543,-0.06169502783501158
704,,,,,-0.419175116384566,-0.16461688093988566
705,,,,,-0.19251977411533805,0.4955458212329857
706,,,,,-0.11717996777647423,0.04755891332491676
707,,,,,0.1514501688241579,0.06607432645448619
708,,,,,0.31704537508462266,-0.5481364463864605
709,,,,,0.12180566428326793,-0.08447750974080753
710,,,,,-0.03212716096953622,0.08046609834723925
711,,,,,0.15446607053822117,0.177608427702965
712,,,,,0.14705594251023021,-0.48337040539697423
713,,,,,0.05308872969122085,-0.05364120500919927
714,,,,,0.3405487883549724,0.3339175916762087
715,,,,,0.08774834223724848,0.10495094570346758
716,,,,,-0.028445273831173106,-0.4736519525249505
717,,,,,0.0314007778386993,0.014998586599229787
718,,,,,-0.061224874695458356,-0.79470988515375
719,,,,,0.11542444122061256,-0.06115191416425199
720,,,,,-0.5439040454751933,-0.650215663134178
721,,,,,-0.0684989555402811,-0.023422889876202706
722,,,,,-0.05929500563147526,0.01701912799197828
723,,,,,-0.16122176183831,-0.08315214785735943
724,,,,,0.14740515428186843,-0.33322712051827524
725,,,,,-0.21971297023659908,-0.1766249755679324
726,,,,,-0.043762861995832625,-0.4578332565309744
727,,,,,-0.41792262330014174,-0.3371284714897753
728,,,,,-0.6797133893105617,0.3396658986512972
729,,,,,0.4361286691398963,0.5272608530279506
730,,,,,-0.402055230108182,0.08725756262074519
731,,,,,-0.007732859792532068,-0.00973208135947018
732,,,,,-0.03550831929019665,0.035715457878454746
733,,,,,-0.07072415538679987,-0.2792516767865938
734,,,,,-0.014714605963684844,0.007544949636108906
735,,,,,0.5730826475022162,-0.23294049025412725
736,,,,,0.05995851328577028,-0.03858309642042306
737,,,,,-0.08055061464444312,0.2478182522780421
738,,,,,-0.413071880069012,0.598688502150082
739,,,,,-0.21518017379299587,-0.08671063850971299
740,,,,,0.18613807214912462,0.2610819094887939
741,,,,,0.33784868881590985,0.05680057001054823
742,,,,,-0.04973890074770414,-0.03710658103386068
743,,,,,0.0004560108644490649,-0.027846974959114295
744,,,,,-0.023583280733080317,0.08063884318824105
745,,,,,0.19589754460242506,-0.18902600584833604
746,,,,,-0.008488721629487238,-0.007952526002078
747,,,,,-0.027231092444530428,0.005356625324316657
748,,,,,-0.05732704137816757,0.39318309330630913
749,,,,,0.2491007441350818,0.6824331868846175
750,,,,,0.08673272163852168,0.07771439561576256
751,,,,,0.009883296805692209,-0.008755955923402036
752,,,,,0.1268063355304078,0.40696821011179735
753,,,,,0.5567056391873162,0.22721820828473802
754,,,,,-0.02547701968351965,0.16769549198877123
755,,,,,-0.3592950647808194,-0.062113501849170694
756,,,,,-0.31488807220306003,-0.4573393078904129
757,,,,,-0.3438512216035388,0.5533569331786348
758,,,,,-0.17751233767340727,0.2328811774694569
759,,,,,-0.26099210395632205,-0.2730953172718345
760,,,,,-0.037453766107902124,-0.00013174142023245154
761,,,,,-0.11190328600543711,-0.5221702600259774
762,,,,,0.017337082955226815,0.052486966125826255
763,,,,,-0.13148079222668993,0.11576779282094506
764,,,,,-0.02109027534464938,0.02088625297813664
765,,,,,0.08757964857621944,0.446072818676866
766,,,,,-0.09004150205813295,0.03336741845341936
767,,,,,0.5767663238001113,0.07688679027496431
768,,,,,-0.09227130153333758,-0.1725686239539613
769,,,,,0.21768475423365025,0.00453155368178455
770,,,,,-0.060071688015002525,-0.017585426451012836
771,,,,,0.2800909291995253,-0.6977993146364999
772,,,,,-0.18923195736837556,-0.5392208304723821
773,,,,,0.663498539070839,-0.15119074647773229
774,,,,,-0.3797445430416686,0.4923709825449655
775,,,,,0.058619555826768914,0.009390730015559389
776,,,,,0.01194725070877086,-0.022899674907771145
777,,,,,0.13669637269022145,0.15449898834119608
778,,,,,-0.13286300173065801,-0.17967739637580687
779,,,,,-0.47202422255230897,-0.627363137005294
780,,,,,0.009836267136806989,-0.014261399270697948
781,,,,,-0.008326975840578493,-0.012177777048111132
782,,,,,0.017357589692521432,0.00508953178903892
783,,,,,-0.17446954854195942,-0.10437378272361017
784,,,,,0.35023006865063255,0.54455262158167
785,,,,,0.26750381024095876,-0.679400078689752
786,,,,,-0.09758340449973937,-0.29470992158550785
787,,,,,-0.02641157699140555,0.021988390963037802
788,,,,,-0.10508641974707332,0.08394133349029707
789,,,,,-0.0008851858207087743,0.01564126522566805
790,,,,,-0.10749393348320505,-0.13879687245336697
791,,,,,-0.10198382842475702,0.12431769350589014
792,,,,,-0.16402734133723557,0.06063466331897044
793,,,,,0.619383936901163,-0.07945031699817595
794,,,,,0.003112999667873024,0.022657428814631907
795,,,,,-0.09422649417734323,0.10516686731874642
796,,,,,0.15075633716141046,-0.154652042831076
797,,,,,0.16973865403063415,0.13080476012475228
798,,,,,-0.11303665743932621,-0.037690990944159515
799,,,,,-0.0031581045028194533,0.31575431573019763
800,,,,,-0.25238483503659204,-0.3307408583757444
801,,,,,0.12306812476409071,-0.04174646005684455
802,,,,,0.03524099170080277,-0.07726850336601537
803,,,,,-0.15757583851294785,0.23916874195377683
804,,,,,0.024560114348252126,-0.017173823921754296
805,,,,,0.32861037168292545,0.26194730223059326
806,,,,,-0.013996032037352543,-0.17735414953501932
807,,,,,-0.23688373059381387,-0.6937968273610421
808,,,,,0.07918974067228093,0.1629339979526361
809,,,,,0.7651952515412758,0.281032673832696
810,,,,,0.046725630740430804,-0.03901973393168916
811,,,,,-0.10669433182462207,-0.21056792207254763
812,,,,,-0.034592646996725186,-0.1139443846021425
813,,,,,-0.4984900978192503,0.42517218588216743
814,,,,,0.08070800913440597,0.037569052348282
815,,,,,0.047610897231818335,0.1186916930918572
816,,,,,-0.011944609569233535,0.030865682567696257
817,,,,,0.024123418492323568,-0.03425143673973304
818,,,,,-0.07180600960669686,-0.1300914859640908
819,,,,,0.00698813680124349,0.04323981808824997
820,,,,,-0.30327099644214106,0.5579771510745761
821,,,,,-0.04369860800845496,0.01879326453546309
822,,,,,-0.37234398067261104,-0.06438953998395071
823,,,,,0.3470609137269041,0.6638493746508388
824,,,,,-0.0933994507682022,-0.0017481607593395508
825,,,,,-0.10375380546108773,-0.14622828874181235
826,,,,,-0.06457795728645209,-0.004735205068744665
827,,,,,-0.049308858717921185,0.48894235770184136
828,,,,,-0.11797154321893562,-0.14047017645170518
829,,,,,-0.1745477931136349,-0.15236407327497983
830,,,,,-0.0496170448725868,0.13205513109561481
831,,,,,0.3751623097174722,0.08612153366183112
832,,,,,0.07149523091624324,0.03717300423241895
833,,,,,-0.21745151346146604,0.0875575406033823
834,,,,,0.011448044598292038,-0.053526696915139636
835,,,,,-0.11864168837986648,0.06947023688210174
836,,,,,0.15233261264181733,0.08087725339924227
837,,,,,-0.17733929288179642,-0.10112591055478413
838,,,,,0.23660567490262,-0.4251748124743788
839,,,,,-0.11167661225464352,-0.20282648093282282
840,,,,,0.8079236266394695,-0.1578266218664442
841,,,,,-0.3508525724618355,0.11412604771296916
842,,,,,0.03946621487335194,-0.27014697112577585
843,,,,,0.40474016697921517,-0.18963181140126792
844,,,,,0.185959667498071,-0.04229347283631812
845,,,,,-0.030459061556244477,-0.021436553163635366
846,,,,,-0.09379794522920543,-0.7745323745684909
847,,,,,0.035350620550436244,-0.0052285087523512115
848,,,,,0.010324882215553836,-0.13185661151680086
849,,,,,0.10954567190866167,0.06373789082897073
850,,,,,0.00034350907485821564,-0.025647962083624333
851,,,,,0.3723679606454652,0.24463080042316812
852,,,,,0.21047248446729977,-0.1970933188295656
853,,,,,0.10259937881609289,0.023739008827264013
854,,,,,-0.039887293129031234,0.14186123461788122
855,,,,,0.7073070897738081,-0.44747463021761613
856,,,,,-0.004932579740923094,-0.010074181907951979
857,,,,,-0.06671326190999005,0.00488811992022432
858,,,,,-0.04451527270236315,-0.0020520397339351343
859,,,,,-0.0017297825272688267,0.02590250858086885
860,,,,,0.10819879065249384,0.04607958212156147
861,,,,,-0.06302048306239301,-0.1159107297048755
862,,,,,0.010553338111703536,0.07911765802174259
863,,,,,0.5044825636817936,-0.08613120541365529
864,,,,,-0.01166731922865414,0.07383184341029916
865,,,,,-0.048202761963106404,-0.031025857282190834
866,,,,,0.49162192259153686,-0.5616056428500751
867,,,,,-0.021543725913305847,-0.03593704679783887
868,,,,,0.11703156587193862,-0.3597203278558144
869,,,,,0.3891806811501904,0.15616974650777266
870,,,,,0.07078721440727553,-0.028825614277714826
871,,,,,0.07466196224401932,0.5661033735938085
872,,,,,-0.04780471107719587,-0.0075005448943692415
873,,,,,-0.0029732245062590937,0.021826837430878553
874,,,,,0.39882108549054096,0.17049279429170838
875,,,,,0.0038810389586808906,0.008603491369857993
876,,,,,-0.028257383957904492,0.06597697009846593
877,,,,,-0.04933704359340068,-0.0403831964666257
878,,,,,0.017122624585570973,0.05772839362269865
879,,,,,0.3470609137269041,0.6638493746508388
880,,,,,-0.0015375427359597001,-0.011427473694540185
881,,,,,-0.03218520512882789,0.07332782096879528
882,,,,,-0.22004930102437428,-0.38304976980965755
883,,,,,0.169913966880164,-0.17295009521660398
884,,,,,-0.0873310397449219,0.03132920803731687
885,,,,,-0.0006303995249688111,0.059620071612474096
886,,,,,-0.05880909867224478,0.23988432090357195
887,,,,,-0.4776690354296348,0.7936765251872817
888,,,,,-0.16923492470163368,-0.0005403306187549986
889,,,,,-0.6845064807610337,-0.21502139001198242
890,,,,,-0.02794292521032221,-0.004151395510259476
891,,,,,0.3589132149082124,0.09044551176894766
892,,,,,0.014802329618842688,-0.006280690113643099
893,,,,,-0.005780933130721844,-0.033089123008854714
894,,,,,0.24288634169621331,-0.3697614292796908
895,,,,,-0.04897982440122029,0.16566617697178712
896,,,,,0.12122048664985627,0.1639225207127364
897,,,,,0.001802153280888692,0.0016363518484926877
898,,,,,-0.29145501537907925,-0.15003388627698958
899,,,,,-0.057068100030789194,-0.8221461714425214
900,,,,,0.3268260637821812,0.3709723152800371
901,,,,,0.45056250689838373,-0.1060431819330174
902,,,,,-0.016060343362876598,-0.024170651614186772
903,,,,,-0.26420803701532586,-0.23931467359575662
904,,,,,-0.0890755958820211,-0.05561376841784232
905,,,,,0.05140623837776896,0.37462680759748224
906,,,,,-0.27794302842018037,-0.42322387264155903
907,,,,,0.3032262816463169,-0.023856092581040746
908,,,,,0.03143035046000165,0.049150946772541206
909,,,,,0.017006768240470083,-0.04998109360048459
910,,,,,0.05088893648441158,-0.0867025676450193
911,,,,,-0.032634116564597165,0.04145920075291213
912,,,,,-0.09554682949735221,0.025067172880784066
913,,,,,0.049817944149015046,-0.1817096073427419
914,,,,,0.07998578402409968,0.08149433186339275
915,,,,,0.023733804583236935,-0.16659293265094538
916,,,,,-0.012973027724659239,0.06883923772417981
917,,,,,-0.03448589166410422,-0.12343818164854803
918,,,,,0.031322367159004265,-0.03396796412444356
919,,,,,-0.06665460021267344,0.02836165885192556
920,,,,,-0.14021218392148885,-0.0004039233012684391
921,,,,,-0.3101070318748275,-0.17239345743986026
922,,,,,0.048547544938418175,-0.06808093527502047
923,,,,,-0.46921485965071086,0.17348650644249317
924,,,,,0.017962600982431274,0.08689279308091528
925,,,,,-0.07400991908012505,0.19248692779086282
926,,,,,-0.6742799172718852,0.015918712275280036
927,,,,,-0.07235758770891954,-0.016160262748416112
928,,,,,-0.24477280871532997,0.16251282079453203
929,,,,,-0.32801076271625906,0.24815149545796836
930,,,,,-0.2050485452842649,-0.1635383066580148
931,,,,,0.771047413076865,-0.4886060036451559
932,,,,,-0.21971297023659908,-0.1766249755679324
933,,,,,-0.2522081401954905,-0.20260676912283956
934,,,,,0.009937525486426688,0.029901545315311317
935,,,,,-0.1611297396967548,-0.13004519145230378
936,,,,,0.069272795994973,-0.37615452776629893
937,,,,,-0.07143526653694454,-0.08395130921522387
938,,,,,-0.4211290545857915,0.34585725784200544
939,,,,,0.10979804051292878,-0.0747329086872478
940,,,,,-0.029099969938479592,0.03594365456614952
941,,,,,-0.07835494007371573,-0.3704027415076247
942,,,,,-0.034518636253111676,-0.021625808596168233
943,,,,,0.0561378466354642,-0.044263536777229634
944,,,,,0.2933032162859157,0.47884507385665864
945,,,,,-0.0010472790248513112,0.014482553061383026
946,,,,,0.33659141803237613,0.4557898869237797
947,,,,,-0.27054546616125386,0.1211642729724841
948,,,,,0.12819195767366967,-0.11252436739979431
949,,,,,0.014733396808419437,0.002066833382896265
950,,,,,-0.03201347308728427,-0.04201735126792824
951,,,,,0.11942293417940505,0.12546060292728692
952,,,,,-0.309869742847402,0.01969163601742768
953,,,,,-0.03402350960925324,-0.38299222497532814
954,,,,,-0.0012950245739408001,-0.03385202145683891
955,,,,,-0.12907926953366833,-0.1586270741153323
956,,,,,-0.29341750755712576,-0.09517750603873636
957,,,,,0.21637789315916914,-0.22763234398644142
958,,,,,-0.06872985004768413,-0.10922446824378006
959,,,,,-0.03510626092398727,-0.009030405945749383
960,,,,,0.005682020846810277,-0.03561953759621249
961,,,,,-0.025479333994071422,0.020606745437970437
962,,,,,0.11031134216481092,-0.43851281670275183
963,,,,,-0.18953563297774267,-0.2594043384284434
964,,,,,0.042702645968181796,-0.39780084434969537
965,,,,,0.6847439879061616,-0.16106058198052642
966,,,,,0.13395568666210586,-0.09472863939352051
967,,,,,0.07597819226249819,-0.1887894856230965
968,,,,,0.012894045153941235,0.11681282288546922
969,,,,,0.031056638675255932,-0.15361057445290505
970,,,,,-0.22572740097207025,0.0060650423902714285
971,,,,,0.013826510267956112,0.2148127511134145
972,,,,,-0.027195947214396464,-0.005274139397281733
973,,,,,-0.21459001495843205,0.3374627543266854
974,,,,,0.08712511425202348,-0.11105423097974888
975,,,,,-0.0754777852619468,-0.0535358210850319
976,,,,,-0.041524561541792376,-0.24197946596809133
977,,,,,0.31204153951347724,-0.17502738401289344
978,,,,,-0.09603357589451587,0.1097969942939317
979,,,,,0.44821054450091913,0.4038479030318528
980,,,,,-0.06239744632980901,-0.13738306895605504
981,,,,,-0.00012949095798944,0.054570312930782044
982,,,,,0.006791664555226606,0.008132484254653403
983,,,,,0.22145215038142363,-0.17223489250461868
984,,,,,0.15616186218989372,0.39440632941169335
985,,,,,0.0018648959090050413,0.0057638284883241115
986,,,,,0.052607392108845547,-0.03472477249810817
987,,,,,-0.08490094189694855,0.022882976324596738
988,,,,,0.03460901120298058,-0.034726122339255684
989,,,,,0.006744067937933625,-0.13425495896826636
990,,,,,0.06585226598708425,0.011872316710137032
991,,,,,0.06092948854797657,-0.02529304437942138
992,,,,,-0.03172444412194771,0.17034614054456843
993,,,,,0.009093699021852532,0.1027421312007025
994,,,,,-0.037741840639716764,-0.018070771035646867
995,,,,,-0.10868752821694497,0.2061369635438318
996,,,,,-0.263666534628986,0.6095782841431021
997,,,,,0.04211619478703044,0.0877461824090802
998,,,,,0.3048561598763193,0.0353287316917546
999,,,,,0.06370279398955084,0.04395111540386402
